{"d": 7, "alpha": 0.6, "topics": ["Self", "Criteria", "Alt"], "softmax_temp": 0.7, "A": {"Self": [[15.326219333923117, 21.748265682002135, 17.938927795549297, 4.4253753281080535, 105.61590874865924, 109.67070151569796, 131.40263648293777], [21.748265682002135, 35.911552106006056, 27.288861974491944, 7.068428387505517, 169.60615772886047, 177.39111776226247, 197.48377402553533], [17.938927795549297, 27.288861974491944, 23.64538485085248, 5.588496879590034, 133.5899746366975, 137.91102901226674, 164.3684982006662], [4.4253753281080535, 7.068428387505517, 5.588496879590034, 2.5688482790133436, 35.405172282592616, 36.48029233738585, 40.020534145182616], [105.61590874865924, 169.60615772886047, 133.5899746366975, 35.405172282592616, 893.4000000000153, 877.1934960388402, 951.1599999999997], [109.67070151569796, 177.39111776226247, 137.91102901226674, 36.48029233738585, 877.1934960388402, 1061.8947265842862, 989.4383095661326], [131.40263648293777, 197.48377402553533, 164.3684982006662, 40.020534145182616, 951.1599999999997, 989.4383095661326, 1317.9065500000038]], "Criteria": [[15.350955428482754, 21.39704017619437, 17.95370697125386, 4.3914332669374145, 105.51139021211765, 107.84050962307121, 132.41412988704604], [21.39704017619437, 34.80025614658419, 26.821698330360103, 6.909633632586279, 166.9113672912245, 171.3475456976145, 195.1706546028944], [17.95370697125386, 26.821698330360103, 23.6440917344715, 5.537974272407286, 133.19482527061422, 135.50645968970264, 165.55979289247236], [4.3914332669374145, 6.909633632586279, 5.537974272407286, 2.54901500872873, 35.193753990064316, 35.587024585665425, 39.898755067415806], [105.51139021211765, 166.9113672912245, 133.19482527061422, 35.193753990064316, 891.0000000000119, 857.9533788415221, 955.6249999999997], [107.84050962307121, 171.3475456976145, 135.50645968970264, 35.587024585665425, 857.9533788415221, 1023.7249951821327, 980.8025103015193], [132.41412988704604, 195.1706546028944, 165.55979289247236, 39.898755067415806, 955.6249999999997, 980.8025103015193, 1333.5630499999995]], "Alt": [[14.9046063496332, 21.238593481830048, 17.44684849490041, 4.330528959289558, 103.69478527596493, 106.73806129206177, 128.0905513289322], [21.238593481830048, 35.26825660254494, 26.68050884393592, 6.962110707093184, 167.43289274891615, 173.18616951510532, 193.68387320865645], [17.44684849490041, 26.68050884393592, 23.069690214324066, 5.477657621102734, 131.25405379203187, 134.34494289509794, 160.5906019063448], [4.330528959289558, 6.962110707093184, 5.477657621102734, 2.551178213646077, 35.18231856776084, 35.897745068444515, 39.207697967928425], [103.69478527596493, 167.43289274891615, 131.25405379203187, 35.18231856776084, 887.3600000000107, 860.4998488652432, 936.8079999999975], [106.73806129206177, 173.18616951510532, 134.34494289509794, 35.897745068444515, 860.4998488652432, 1031.7546483031456, 972.7616667806603], [128.0905513289322, 193.68387320865645, 160.5906019063448, 39.207697967928425, 936.8079999999975, 972.7616667806603, 1291.5299750000017]]}, "b": {"Self": [-1.696693763601873, -2.8313791629482954, -2.140492221108095, -0.582387128529822, -13.997954643167654, -14.62845233348533, -15.062099122897248], "Criteria": [-1.971586117989814, -3.1210186647659226, -2.475023421526037, -0.646358775442107, -15.597868916763153, -16.02287978336434, -17.822243555862315], "Alt": [-1.9486685370209964, -3.1486555085100627, -2.451966812072653, -0.6491312575827973, -15.577059531238648, -16.13103882614841, -17.59151969786409]}}