{"d": 7, "alpha": 0.6, "topics": ["Self", "Criteria", "Alt"], "softmax_temp": 0.7, "A": {"Self": [[9.349861945292, 11.21844995234811, 10.52582812185889, 2.4351932354463677, 54.84480250019428, 34.14148413297625, 86.68276598554287], [11.21844995234811, 16.779397588263055, 14.270976718751612, 3.4795748159059072, 77.45366939010555, 47.82716739377911, 118.43421550019043], [10.52582812185889, 14.270976718751612, 14.410714815393426, 3.1204302328045985, 70.07092448140374, 43.37667933733013, 109.59551102924273], [2.4351932354463677, 3.4795748159059072, 3.1204302328045985, 1.85270512616084, 17.37144947585621, 10.585600421896148, 25.719349422191293], [54.84480250019428, 77.45366939010555, 70.07092448140374, 17.37144947585621, 399.44000000001125, 233.9320007341653, 577.5339999999997], [34.14148413297625, 47.82716739377911, 43.37667933733013, 10.585600421896148, 233.9320007341653, 168.69992944609285, 361.2783207768783], [86.68276598554287, 118.43421550019043, 109.59551102924273, 25.719349422191293, 577.5339999999997, 361.2783207768783, 921.5377000000003]], "Criteria": [[9.826949834253723, 11.660919039247723, 11.100826226133242, 2.5040041074986403, 57.31563263239523, 35.952544594069686, 90.8307051076166], [11.660919039247723, 17.112956327269924, 14.78134970512912, 3.504255165097402, 79.46277043947833, 49.42596822129027, 122.06287944452362], [11.100826226133242, 14.78134970512912, 15.097899100580602, 3.1944200105474287, 73.02407550831819, 45.51978349696661, 114.51976476115112], [2.5040041074986403, 3.504255165097402, 3.1944200105474287, 1.8480214326310171, 17.60263319804416, 10.889844308428787, 26.239268982810092], [57.31563263239523, 79.46277043947833, 73.02407550831819, 17.60263319804416, 411.7600000000111, 244.10406875715998, 599.273999999999], [35.952544594069686, 49.42596822129027, 45.51978349696661, 10.889844308428787, 244.10406875715998, 176.04043475587773, 377.04206889422375], [90.8307051076166, 122.06287944452362, 114.51976476115112, 26.239268982810092, 599.273999999999, 377.04206889422375, 955.1756750000018]], "Alt": [[9.358515423028441, 11.119277604759006, 10.550354899237858, 2.3844616900875244, 54.56990055629746, 33.62893304091372, 86.51954031482829], [11.119277604759006, 16.5016307050096, 14.140773714249315, 3.3722840446753284, 76.32180123312861, 46.572108751838186, 117.21997990298878], [10.550354899237858, 14.140773714249315, 14.447070832704, 3.0499209021961993, 69.7202326006856, 42.69043258435873, 109.46211001358542], [2.3844616900875244, 3.3722840446753284, 3.0499209021961993, 1.8175559663839629, 16.90336662614745, 10.16977071377391, 25.126325602932386], [54.56990055629746, 76.32180123312861, 69.7202326006856, 16.90336662614745, 393.8800000000111, 228.6247495837374, 573.7529999999992], [33.62893304091372, 46.572108751838186, 42.69043258435873, 10.16977071377391, 228.6247495837374, 163.1227793621121, 355.1729312364993], [86.51954031482829, 117.21997990298878, 109.46211001358542, 25.126325602932386, 573.7529999999992, 355.1729312364993, 917.4872750000011]]}, "b": {"Self": [-0.7522166988820029, -1.1055286250902001, -0.9683628566335611, -0.2499051732834193, -5.50047251246826, -3.326917404064519, -8.092322135275717], "Criteria": [-1.03458724636254, -1.4313771351491702, -1.31342824995372, -0.3153433769904678, -7.100035766423224, -4.41407905645003, -10.8424365779144], "Alt": [-0.9842208564295939, -1.3735135720766636, -1.2532661478086509, -0.3021138293406692, -6.793894737234013, -4.139421087661901, -10.386815649786017]}}