{"d": 7, "alpha": 0.6, "topics": ["Self", "Criteria", "Alt"], "softmax_temp": 0.7, "A": {"Self": [[1.2745526928005575, 0.29739387031790604, 0.331454135356411, 0.05763618431510462, 1.4189233503694096, 1.3067865930572742, 2.6135731861145484], [0.29739387031790604, 1.325378862562207, 0.35900196315738386, 0.06209098887326637, 1.5505625573609934, 1.422787361868767, 2.845574723737534], [0.331454135356411, 0.35900196315738386, 1.4025761347427173, 0.06986218059440019, 1.7243409428286174, 1.5778756508977407, 3.1557513017954815], [0.05763618431510462, 0.06209098887326637, 0.06986218059440019, 1.0127406869958704, 0.3029515848592584, 0.27436796957018456, 0.5487359391403691], [1.4189233503694096, 1.5505625573609934, 1.7243409428286174, 0.3029515848592584, 8.760000000000002, 6.8, 13.6], [1.3067865930572742, 1.422787361868767, 1.5778756508977407, 0.27436796957018456, 6.8, 7.25, 12.5], [2.6135731861145484, 2.845574723737534, 3.1557513017954815, 0.5487359391403691, 13.6, 12.5, 26.0]], "Criteria": [[1.315500314347089, 0.3377163756240466, 0.3937132022926867, 0.07418652080385156, 1.670216435854106, 1.4790409277278864, 2.9635411463582195], [0.3377163756240466, 1.3663491556269185, 0.4211983945773998, 0.07998352860191496, 1.8006964285633604, 1.593705456460697, 3.193280141352368], [0.3937132022926867, 0.4211983945773998, 1.4943569098263518, 0.09229139195386157, 2.08986665871192, 1.8444277837838488, 3.695771171264001], [0.07418652080385156, 0.07998352860191496, 0.09229139195386157, 1.0191321927863228, 0.3992494953398774, 0.35048829441532287, 0.7023034366002733], [1.670216435854106, 1.8006964285633604, 2.08986665871192, 0.3992494953398774, 10.240000000000002, 7.881999999999999, 15.796999999999997], [1.4790409277278864, 1.593705456460697, 1.8444277837838488, 0.35048829441532287, 7.881999999999999, 7.9709, 13.96765], [2.9635411463582195, 3.193280141352368, 3.695771171264001, 0.7023034366002733, 15.796999999999997, 13.96765, 28.990025]], "Alt": [[1.3416518138544924, 0.3604825922480193, 0.4105779809671788, 0.06816054029826747, 1.606649313263927, 1.5786712474254245, 3.138652055852144], [0.3604825922480193, 1.3843730532161225, 0.4334901678488673, 0.07252135135798533, 1.690514041591879, 1.6739678442603811, 3.3278827425153676], [0.4105779809671788, 0.4334901678488673, 1.4959432326886828, 0.08260628746754146, 1.9379905831508693, 1.8997047252528505, 3.777074970563908], [0.06816054029826747, 0.07252135135798533, 0.08260628746754146, 1.014788013967788, 0.32712140356800923, 0.3174232104902884, 0.6310757177324954], [1.606649313263927, 1.690514041591879, 1.9379905831508693, 0.32712140356800923, 9.16, 7.435999999999999, 14.797999999999998], [1.5786712474254245, 1.6739678442603811, 1.8997047252528505, 0.3174232104902884, 7.435999999999999, 8.348099999999999, 14.58705], [3.138652055852144, 3.3278827425153676, 3.777074970563908, 0.6310757177324954, 14.797999999999998, 14.58705, 29.990025]]}, "b": {"Self": [2.704659687451579, 2.9453221628120616, 3.2649637719363573, 0.5676266960101349, 14.073230146060768, 12.937376244337305, 25.87475248867461], "Criteria": [2.7946186420266517, 3.0115946873516544, 3.483790990877095, 0.6622527792990766, 14.839444232711175, 13.1580132029465, 26.31544211751367], "Alt": [3.0067402023314993, 3.186728166980555, 3.619168746325795, 0.6044963889155588, 14.252190448823002, 13.85412301012568, 27.710080794539746]}}