{"d": 7, "alpha": 0.6, "topics": ["Self", "Criteria", "Alt"], "softmax_temp": 0.7, "A": {"Self": [[15.260288009157904, 21.47508801956067, 17.762475751341178, 4.442885645159092, 103.28198606662001, 109.45762702832118, 130.97263442553194], [21.47508801956067, 35.13611529378859, 26.816345433895478, 7.063772140449675, 163.69629669849533, 176.01583738469463, 195.1064555495836], [17.762475751341178, 26.816345433895478, 23.338169931861465, 5.573804567209993, 130.05087241230382, 137.42271967120737, 162.69800730560615], [4.442885645159092, 7.063772140449675, 5.573804567209993, 2.599016610897239, 34.679541905612794, 37.14446773950495, 40.180667287450405], [103.28198606662001, 163.69629669849533, 130.05087241230382, 34.679541905612794, 855.5600000000153, 862.5144717441777, 931.3839999999989], [109.45762702832118, 176.01583738469463, 137.42271967120737, 37.14446773950495, 862.5144717441777, 1056.8118825294653, 983.269763562494], [130.97263442553194, 195.1064555495836, 162.69800730560615, 40.180667287450405, 931.3839999999989, 983.269763562494, 1308.9616750000037]], "Criteria": [[15.333403810448806, 21.30445139350353, 17.909148005541052, 4.453418469013269, 104.16602089583667, 106.94379727480568, 132.54040490671812], [21.30445139350353, 34.417430293065976, 26.6810032122783, 6.9974348586287105, 163.02043803235588, 169.0650358496068, 194.5891023844581], [17.909148005541052, 26.6810032122783, 23.60136429689246, 5.6078139022490054, 131.4335884270312, 134.4258381273907, 165.0417769325767], [4.453418469013269, 6.9974348586287105, 5.6078139022490054, 2.603140079688283, 35.055292596088265, 36.12031341037542, 40.34448882625601], [104.16602089583667, 163.02043803235588, 131.4335884270312, 35.055292596088265, 866.720000000016, 841.5215205131756, 945.9019999999999], [106.94379727480568, 169.0650358496068, 134.4258381273907, 36.12031341037542, 841.5215205131756, 998.3741464321472, 962.6075709820315], [132.54040490671812, 194.5891023844581, 165.0417769325767, 40.34448882625601, 945.9019999999999, 962.6075709820315, 1336.228849999999]], "Alt": [[15.032256597335143, 21.12809231345414, 17.520205549216985, 4.387731877547401, 102.23921616083778, 106.66862858066088, 128.5251545433449], [21.12809231345414, 34.61017488871696, 26.442399179263294, 6.987737502064176, 162.32479163523394, 171.8077125271987, 191.25671655201555], [17.520205549216985, 26.442399179263294, 23.09039044038974, 5.521387187627497, 129.04374820873136, 134.11701901475791, 159.83656373579797], [4.387731877547401, 6.987737502064176, 5.521387187627497, 2.5885326550504124, 34.62371053622963, 36.442792317705404, 39.34360124979906], [102.23921616083778, 162.32479163523394, 129.04374820873136, 34.62371053622963, 852.8000000000147, 845.4199389314992, 918.2969999999971], [106.66862858066088, 171.8077125271987, 134.11701901475791, 36.442792317705404, 845.4199389314992, 1023.8455757487746, 955.1837210094407], [128.5251545433449, 191.25671655201555, 159.83656373579797, 39.34360124979906, 918.2969999999971, 955.1837210094407, 1284.1669500000019]]}, "b": {"Self": [-1.6895873906011127, -2.7951621401945492, -2.1226735464033193, -0.5863583964355389, -13.619967292468198, -14.78650723485962, -15.001622296916695], "Criteria": [-1.9697099186071494, -3.0996219197716512, -2.472547008402501, -0.6558182783416602, -15.306889935618134, -15.896492495581626, -17.782071651008838], "Alt": [-1.948316593268281, -3.1095231878831364, -2.4442823716900164, -0.6534664154191105, -15.203481031038665, -16.10057341005001, -17.42459232613684]}}