{"d": 7, "alpha": 0.8, "topics": ["Self", "Criteria", "Alt"], "softmax_temp": 0.5, "A": {"Self": [[9.984012932779207, 9.495097049035556, 10.767121016782468, 1.9916044163532223, 46.04080830426945, 37.41841844359435, 57.957986649041324], [9.495097049035556, 11.211743406879231, 11.374411937995681, 2.1139835052518383, 49.41719788319773, 39.66773074301195, 61.6897430773406], [10.767121016782468, 11.374411937995681, 13.954762541610211, 2.3805114356408157, 55.04619841359645, 44.83427790413264, 69.36825433756313], [1.9916044163532223, 2.1139835052518383, 2.3805114356408157, 1.4830895217575268, 10.362514621006481, 8.287801354749599, 12.900712012541797], [46.04080830426945, 49.41719788319773, 55.04619841359645, 10.362514621006481, 247.24000000000316, 195.77237312229778, 300.4830000000001], [37.41841844359435, 39.66773074301195, 44.83427790413264, 8.287801354749599, 195.77237312229778, 196.97979942097226, 244.60795914296585], [57.957986649041324, 61.6897430773406, 69.36825433756313, 12.900712012541797, 300.4830000000001, 244.60795914296585, 399.7129499999993]], "Criteria": [[10.05693751215316, 9.59618043055255, 10.834652808813955, 2.044259702800528, 47.51155166406271, 39.22918221421941, 60.2538186803734], [9.59618043055255, 11.341625721337453, 11.475404340954562, 2.179239660839329, 51.08617978151931, 41.52351673800746, 64.45342624347857], [10.834652808813955, 11.475404340954562, 14.016098785785072, 2.4420083462823285, 56.71302235799188, 46.883008463044156, 72.06168676445616], [2.044259702800528, 2.179239660839329, 2.4420083462823285, 1.5083583341045115, 10.90247837807028, 8.908970768797039, 13.695219538350488], [47.51155166406271, 51.08617978151931, 56.71302235799188, 10.90247837807028, 259.5200000000037, 208.18980110745474, 320.4140000000002], [39.22918221421941, 41.52351673800746, 46.883008463044156, 8.908970768797039, 208.18980110745474, 207.69489464372046, 263.5511834824398], [60.2538186803734, 64.45342624347857, 72.06168676445616, 13.695219538350488, 320.4140000000002, 263.5511834824398, 429.5990499999995]], "Alt": [[10.640700547131477, 10.20545606159062, 11.55878913802555, 2.1325488172980167, 49.28448205614914, 39.65275514657816, 62.22989477228957], [10.20545606159062, 11.999061206478306, 12.227890361126319, 2.2698848503245226, 53.04556752975422, 42.23254530734996, 66.45082466448216], [11.55878913802555, 12.227890361126319, 14.911569981326823, 2.5498554534237763, 58.949223368561, 47.494011663133676, 74.55583579206615], [2.1325488172980167, 2.2698848503245226, 2.5498554534237763, 1.5168288331218933, 11.068199761738503, 8.823670295965773, 13.873962995332125], [49.28448205614914, 53.04556752975422, 58.949223368561, 11.068199761738503, 264.2400000000036, 206.69429258547677, 323.26300000000015], [39.65275514657816, 42.23254530734996, 47.494011663133676, 8.823670295965773, 206.69429258547677, 205.98843381527158, 259.82843585666274], [62.22989477228957, 66.45082466448216, 74.55583579206615, 13.873962995332125, 323.26300000000015, 259.82843585666274, 430.0979999999996]]}, "b": {"Self": [-0.8309449203285549, -0.8856976852158717, -0.9950770449468258, -0.18524998441435145, -4.3199999999999585, -3.496494509364062, -5.391799999999999], "Criteria": [-0.8469591611809726, -0.9044541878204524, -1.0124941911939083, -0.19255630788015413, -4.497999999999966, -3.6956786483365875, -5.677600000000002], "Alt": [-0.89066104449336, -0.951399642768667, -1.0669593958035388, -0.19827761583679981, -4.6219999999999715, -3.70020771731036, -5.790599999999998]}}