{"d": 7, "alpha": 0.8, "topics": ["Self", "Criteria", "Alt"], "softmax_temp": 0.5, "A": {"Self": [[1.063200441011543, 0.0699009662871746, 0.07834904135673486, 0.017978613670907174, 0.3423712077684032, 0.3133040257340404, 0.6037812864820751], [0.0699009662871746, 1.0792126926664587, 0.08760824208066757, 0.021100818226917444, 0.3911113892575096, 0.35660091224287377, 0.686371975882806], [0.07834904135673486, 0.08760824208066757, 1.0980345922363905, 0.022733969498951512, 0.43056510873158693, 0.3941149390683828, 0.7586253576452349], [0.017978613670907174, 0.021100818226917444, 0.022733969498951512, 1.0064763503656995, 0.10409382842781753, 0.09803409270879779, 0.18608485045647502], [0.3423712077684032, 0.3911113892575096, 0.43056510873158693, 0.10409382842781753, 2.9599999999999995, 1.754, 3.395], [0.3133040257340404, 0.35660091224287377, 0.3941149390683828, 0.09803409270879779, 1.754, 2.629, 3.1144], [0.6037812864820751, 0.686371975882806, 0.7586253576452349, 0.18608485045647502, 3.395, 3.1144, 6.98005]], "Criteria": [[1.06148537020287, 0.07036365255521995, 0.08014014570596634, 0.014140828325007402, 0.34362656522058005, 0.3188675822678831, 0.6051693303428824], [0.07036365255521995, 1.081350313940786, 0.09133724575159123, 0.01595064695911171, 0.3966917073975616, 0.3656132499557182, 0.6950544124733642], [0.08014014570596634, 0.09133724575159123, 1.1062913489721793, 0.018228672422300952, 0.44669545796093146, 0.41468939143910033, 0.7846837574883195], [0.014140828325007402, 0.01595064695911171, 0.018228672422300952, 1.0035853850749044, 0.07577170906016499, 0.07273158992553297, 0.1389952058683359], [0.34362656522058005, 0.3966917073975616, 0.44669545796093146, 0.07577170906016499, 2.9599999999999995, 1.79, 3.391], [0.3188675822678831, 0.3656132499557182, 0.41468939143910033, 0.07273158992553297, 1.79, 2.6599, 3.14175], [0.6051693303428824, 0.6950544124733642, 0.7846837574883195, 0.1389952058683359, 3.391, 3.14175, 6.9700750000000005]], "Alt": [[1.063568896819928, 0.08096884974002534, 0.08198966413324695, 0.012475782801288809, 0.41733042780590396, 0.36720382897159987, 0.6936009010086877], [0.08096884974002534, 1.1094635839436353, 0.10878651364530002, 0.01726209530225253, 0.5600329068481665, 0.4992121747041036, 0.9303942445048361], [0.08198966413324695, 0.10878651364530002, 1.1103077805784347, 0.017012961691265822, 0.5587331613300703, 0.49805260961026643, 0.9283432964156695], [0.012475782801288809, 0.01726209530225253, 0.017012961691265822, 1.0028795159750863, 0.08832502068505008, 0.07903909734911074, 0.14674105218654016], [0.41733042780590396, 0.5600329068481665, 0.5587331613300703, 0.08832502068505008, 3.879999999999999, 2.562, 4.785], [0.36720382897159987, 0.4992121747041036, 0.49805260961026643, 0.07903909734911074, 2.562, 3.2889, 4.25615], [0.6936009010086877, 0.9303942445048361, 0.9283432964156695, 0.14674105218654016, 4.785, 4.25615, 8.950125]]}, "b": {"Self": [0.0232534115849424, 0.024960989823271978, 0.02852110275163424, 0.006300954802676009, 0.11832341595342907, 0.11308839911957572, 0.2154373266448845], "Criteria": [-0.006147333979438622, -0.007036979447286458, -0.007997823139860069, -0.0014129633331561673, -0.034378711574618616, -0.031852428185975196, -0.060546479260978156], "Alt": [-0.00605301263217339, -0.0075586164223919545, -0.007982691933090265, -0.0011622233526136791, -0.038661409059093675, -0.0343262784868622, -0.06426384596203637]}}