{"d": 7, "alpha": 0.6, "topics": ["Self", "Criteria", "Alt"], "softmax_temp": 0.7, "A": {"Self": [[16.355786265127083, 22.930156076267394, 19.340133916466076, 4.825055492856749, 112.8163666227811, 112.985616947361, 139.4063967543498], [22.930156076267394, 37.280520467281875, 29.012415970353697, 7.5967486203643135, 178.8698270728115, 180.61363681886115, 206.00908313804814], [19.340133916466076, 29.012415970353697, 25.616195607380664, 6.147243881581086, 143.9954751744975, 143.98891789102225, 175.1912341082221], [4.825055492856749, 7.5967486203643135, 6.147243881581086, 2.7452852499885556, 38.321552412072506, 38.02561259843754, 42.93847713775563], [112.8163666227811, 178.8698270728115, 143.9954751744975, 38.321552412072506, 953.3600000000165, 904.220251750533, 1006.7090000000005], [112.985616947361, 180.61363681886115, 143.98891789102225, 38.02561259843754, 904.220251750533, 1055.5885865532448, 1002.7332660112913], [139.4063967543498, 206.00908313804814, 175.1912341082221, 42.93847713775563, 1006.7090000000005, 1002.7332660112913, 1375.8011500000036]], "Criteria": [[16.38109600617032, 22.81344593241453, 19.38006812645547, 4.828476080087385, 114.15122795991277, 111.69533013244855, 141.3509562073635], [22.81344593241453, 36.91281366604345, 28.892536217657902, 7.56604963120038, 180.01103412465721, 177.00463762014175, 207.51345371454218], [19.38006812645547, 28.892536217657902, 25.674330781126496, 6.15674430183447, 145.6301421448992, 142.33246546235867, 177.6255869684055], [4.828476080087385, 7.56604963120038, 6.15674430183447, 2.744355965944333, 38.8329514125044, 37.413190803722706, 43.499646534849454], [114.15122795991277, 180.01103412465721, 145.6301421448992, 38.8329514125044, 969.4800000000151, 895.5975750872154, 1031.1949999999981], [111.69533013244855, 177.00463762014175, 142.33246546235867, 37.413190803722706, 895.5975750872154, 1020.4553044935778, 1011.6992419568641], [141.3509562073635, 207.51345371454218, 177.6255869684055, 43.499646534849454, 1031.1949999999981, 1011.6992419568641, 1405.9805000000006]], "Alt": [[16.085278374517653, 22.669776878561038, 19.0468915554679, 4.792848280682349, 111.93354102472568, 110.6676849095003, 137.1788421560459], [22.669776878561038, 37.1367569603431, 28.75602030088137, 7.597208098198971, 178.9990983437282, 178.06608541181112, 204.51482353007145], [19.0468915554679, 28.75602030088137, 25.31020780168769, 6.1286805341083355, 143.21995051284998, 141.48751016863457, 172.5944453693959], [4.792848280682349, 7.597208098198971, 6.1286805341083355, 2.7523999028153225, 38.53687014858806, 37.777915139382344, 42.62385978515378], [111.93354102472568, 178.9990983437282, 143.21995051284998, 38.53687014858806, 954.5600000000153, 894.0005755556067, 1000.9909999999965], [110.6676849095003, 178.06608541181112, 141.48751016863457, 37.777915139382344, 894.0005755556067, 1031.8309113591813, 990.2644849617893], [137.1788421560459, 204.51482353007145, 172.5944453693959, 42.62385978515378, 1000.9909999999965, 990.2644849617893, 1361.6003000000014]]}, "b": {"Self": [-1.8037827261347381, -2.9583713987722247, -2.300016541393939, -0.626726121385082, -14.782513116181814, -15.120161932012861, -15.854888218359337], "Criteria": [-2.099677596632109, -3.3088132924714584, -2.6676366244071565, -0.7025472514611275, -16.731202880066064, -16.49880217536553, -18.930772859831087], "Alt": [-2.0772254357609112, -3.313920124528746, -2.6440797378041743, -0.702424217866579, -16.56896274539575, -16.553470365505074, -18.545009759521957]}}