{"d": 7, "alpha": 0.8, "topics": ["Self", "Criteria", "Alt"], "softmax_temp": 0.5, "A": {"Self": [[2.3492298774186824, 3.0418254976889663, 1.6868754455796455, 0.7086429043891935, 16.717301215041136, 14.959021628494279, 21.394692699322373], [3.0418254976889663, 11.900622064939771, 3.918030117402915, 2.7860423920439064, 64.72348976173161, 57.96111897983181, 62.26771967426786], [1.6868754455796455, 3.918030117402915, 3.127923160076008, 0.9219047438178702, 21.641880399279675, 19.419901417240766, 27.26974852006337], [0.7086429043891935, 2.7860423920439064, 0.9219047438178702, 1.8025486814732528, 17.091253332133036, 15.29035759259688, 15.067794724011792], [16.717301215041136, 64.72348976173161, 21.641880399279675, 17.091253332133036, 406.0800000000117, 355.30000000000456, 350.69699999999966], [14.959021628494279, 57.96111897983181, 19.419901417240766, 15.29035759259688, 355.30000000000456, 319.25, 313.86], [21.394692699322373, 62.26771967426786, 27.26974852006337, 15.067794724011792, 350.69699999999966, 313.86, 416.65724999999964]], "Criteria": [[2.541233489763308, 3.4115315041898437, 1.9349678956698706, 0.7968385123817455, 18.795342582104468, 16.68408547769102, 24.30034350128174], [3.4115315041898437, 12.780365337349332, 4.381536360338493, 3.019208400547586, 70.34426466697764, 62.437163326050765, 69.15421895588565], [1.9349678956698706, 4.381536360338493, 3.447819634924743, 1.0326553392002482, 24.24153581575988, 21.57569809783138, 30.97951564291252], [0.7968385123817455, 3.019208400547586, 1.0326553392002482, 1.873629427167151, 18.696053499961735, 16.554551225294027, 16.791485087537044], [18.795342582104468, 70.34426466697764, 24.24153581575988, 18.696053499961735, 442.52000000001533, 384.80000000000535, 391.91499999999945], [16.68408547769102, 62.437163326050765, 21.57569809783138, 16.554551225294027, 384.80000000000535, 342.75, 348.55249999999995], [24.30034350128174, 69.15421895588565, 30.97951564291252, 16.791485087537044, 391.91499999999945, 348.55249999999995, 470.3624749999998]], "Alt": [[2.5527741149324856, 3.3766996037222032, 1.9375925566116063, 0.7846370460077916, 18.48447791773571, 16.4709036070777, 23.958439303814945], [3.3766996037222032, 12.823615548126627, 4.324395342476465, 2.9714970805258347, 69.82892600162893, 62.43301425970719, 68.26966072029792], [1.9375925566116063, 4.324395342476465, 3.438377181314551, 1.0122556200621475, 23.760449943310572, 21.24505706260091, 30.42095294012188], [0.7846370460077916, 2.9714970805258347, 1.0122556200621475, 1.8376163729994823, 18.101347769264056, 16.162083526384784, 16.387747494448224], [18.48447791773571, 69.82892600162893, 23.760449943310572, 18.101347769264056, 434.40000000001356, 379.900000000005, 382.9879999999991], [16.4709036070777, 62.43301425970719, 21.24505706260091, 16.162083526384784, 379.900000000005, 341.0, 342.58749999999975], [23.958439303814945, 68.26966072029792, 30.42095294012188, 16.387747494448224, 382.9879999999991, 342.58749999999975, 459.3302749999999]]}, "b": {"Self": [-0.17362758753186938, -0.9431041508722054, -0.2338399785476523, -0.25705356025187304, -5.978277636047683, -5.3503098074751625, -4.607722266871631], "Criteria": [-0.33368170955382065, -1.2487432665210132, -0.431513961956626, -0.3310910245058749, -7.695999999999952, -6.8349999999998765, -6.971049999999997], "Alt": [-0.32941807214155416, -1.2486602851941444, -0.4249011412520172, -0.32324167052769054, -7.5979999999999395, -6.799999999999877, -6.851750000000002]}}