{"d": 7, "alpha": 0.6, "topics": ["Self", "Criteria", "Alt"], "softmax_temp": 0.7, "A": {"Self": [[1.2779511984599214, 0.29545295790729104, 0.33034853849317297, 0.06227959394606766, 1.4313398145739138, 1.3135617209453654, 2.6271234418907308], [0.29545295790729104, 1.3179894238814913, 0.35097523732548636, 0.06652283939348627, 1.5319014827857054, 1.4058439982203284, 2.8116879964406567], [0.33034853849317297, 0.35097523732548636, 1.3945648732880862, 0.07389831692892324, 1.6911917522416222, 1.5615332767153776, 3.123066553430755], [0.06227959394606766, 0.06652283939348627, 0.07389831692892324, 1.015470885310255, 0.3300366165884093, 0.2944888171384758, 0.5889776342769516], [1.4313398145739138, 1.5319014827857054, 1.6911917522416222, 0.3300366165884093, 8.920000000000002, 6.799999999999999, 13.599999999999998], [1.3135617209453654, 1.4058439982203284, 1.5615332767153776, 0.2944888171384758, 6.799999999999999, 7.25, 12.5], [2.6271234418907308, 2.8116879964406567, 3.123066553430755, 0.5889776342769516, 13.599999999999998, 12.5, 26.0]], "Criteria": [[1.3341446183935197, 0.3739641033853717, 0.40657657984955664, 0.07735127556508715, 1.6606875266032068, 1.578889923769183, 3.157779847538366], [0.3739641033853717, 1.4236733306222293, 0.4550483529763659, 0.08635859433595154, 1.8702875403011314, 1.776565109992083, 3.553130219984166], [0.40657657984955664, 0.4550483529763659, 1.4969358398991943, 0.09422018741413483, 2.0233139563141744, 1.9210354215569752, 3.8420708431139503], [0.07735127556508715, 0.08635859433595154, 0.09422018741413483, 1.020613761089245, 0.38640873138170256, 0.3673178701520485, 0.734635740304097], [1.6606875266032068, 1.8702875403011314, 2.0233139563141744, 0.38640873138170256, 9.76, 7.8999999999999995, 15.799999999999999], [1.578889923769183, 1.776565109992083, 1.9210354215569752, 0.3673178701520485, 7.8999999999999995, 8.5, 15.0], [3.157779847538366, 3.553130219984166, 3.8420708431139503, 0.734635740304097, 15.799999999999999, 15.0, 31.0]], "Alt": [[1.2924312251446721, 0.30633697234700485, 0.3541845536904855, 0.06002806939651959, 1.4265417993513292, 1.3481156182855394, 2.6962312365710788], [0.30633697234700485, 1.323168647481173, 0.3711324192365474, 0.06343927739694312, 1.4992247332097377, 1.4197207351651695, 2.839441470330339], [0.3541845536904855, 0.3711324192365474, 1.4304494939593764, 0.07235034478691524, 1.7220544745263633, 1.6331687282299572, 3.2663374564599144], [0.06002806939651959, 0.06343927739694312, 0.07235034478691524, 1.0139060127076036, 0.30553593504037113, 0.2797694877733659, 0.5595389755467318], [1.4265417993513292, 1.4992247332097377, 1.7220544745263633, 0.30553593504037113, 8.520000000000001, 6.6, 13.2], [1.3481156182855394, 1.4197207351651695, 1.6331687282299572, 0.2797694877733659, 6.6, 7.25, 12.5], [2.6962312365710788, 2.839441470330339, 3.2663374564599144, 0.5595389755467318, 13.2, 12.5, 26.0]]}, "b": {"Self": [0.009390877735965307, 0.009915324977339164, 0.010969798150300374, 0.0019973726753350573, 0.04963315578028207, 0.043326289113385694, 0.08665257822677139], "Criteria": [-0.031577798475383646, -0.03553130219984166, -0.0384207084311395, -0.007346357403040967, -0.15800000000000006, -0.15000000000000005, -0.3000000000000001], "Alt": [-0.026962312365710794, -0.028394414703303384, -0.03266337456459913, -0.005595389755467318, -0.13200000000000006, -0.12500000000000003, -0.25000000000000006]}}