{"d": 7, "alpha": 0.6, "topics": ["Self", "Criteria", "Alt"], "softmax_temp": 0.7, "A": {"Self": [[9.900281228100592, 12.120655106433775, 11.171930855559491, 2.4684354322504745, 59.22375014395489, 37.44678806113996, 91.55402205355706], [12.120655106433775, 18.315811690142322, 15.287498762763772, 3.529272447109031, 84.98915023353356, 53.24052931980227, 126.33352729501709], [11.171930855559491, 15.287498762763772, 15.211403357983258, 3.1261423914090325, 74.89159485665719, 47.162017892660394, 115.03818289623574], [2.4684354322504745, 3.529272447109031, 3.1261423914090325, 1.7971059451308349, 17.480208988527526, 10.900482670777114, 25.745882369798107], [59.22375014395489, 84.98915023353356, 74.89159485665719, 17.480208988527526, 437.5200000000129, 261.83483767713585, 615.0669999999999], [37.44678806113996, 53.24052931980227, 47.162017892660394, 10.900482670777114, 261.83483767713585, 188.90932378402874, 391.09638746484273], [91.55402205355706, 126.33352729501709, 115.03818289623574, 25.745882369798107, 615.0669999999999, 391.09638746484273, 967.8229500000007]], "Criteria": [[10.341015411696148, 12.663477256680135, 11.66467091752385, 2.5770895047499405, 62.602226527543706, 39.15015165278961, 96.16305871380487], [12.663477256680135, 18.99358490330981, 15.879039364274561, 3.658016535404794, 89.28865075304648, 55.167623135, 132.23108977281572], [11.66467091752385, 15.879039364274561, 15.733219320513735, 3.246685037362521, 78.73146237136214, 49.02631001502508, 120.20973775720158], [2.5770895047499405, 3.658016535404794, 3.246685037362521, 1.8272571441136978, 18.3240160828392, 11.33619935871975, 26.907699493022413], [62.602226527543706, 89.28865075304648, 78.73146237136214, 18.3240160828392, 463.2000000000132, 273.68814949409955, 651.8649999999993], [39.15015165278961, 55.167623135, 49.02631001502508, 11.33619935871975, 273.68814949409955, 195.8929224884321, 408.5177048437342], [96.16305871380487, 132.23108977281572, 120.20973775720158, 26.907699493022413, 651.8649999999993, 408.5177048437342, 1016.1888250000023]], "Alt": [[10.139457887087387, 12.401980633590147, 11.447085400586976, 2.507678679022396, 61.18434919449458, 37.60822481223097, 94.05933886994274], [12.401980633590147, 18.651113663297217, 15.580513427367514, 3.561427346180387, 87.42532942458764, 53.22053705308161, 129.55958621258486], [11.447085400586976, 15.580513427367514, 15.496964759351682, 3.1615755587910703, 77.01800574370218, 47.1253080292226, 117.83094417244115], [2.507678679022396, 3.561427346180387, 3.1615755587910703, 1.79822476729433, 17.796320768392246, 10.777842891053677, 26.183777446861928], [61.18434919449458, 87.42532942458764, 77.01800574370218, 17.796320768392246, 452.0000000000135, 263.1713573014397, 637.5259999999986], [37.60822481223097, 53.22053705308161, 47.1253080292226, 10.777842891053677, 263.1713573014397, 186.57993139324608, 393.9191774406039], [94.05933886994274, 129.55958621258486, 117.83094417244115, 26.183777446861928, 637.5259999999986, 393.9191774406039, 992.9720750000006]]}, "b": {"Self": [-0.82511231121152, -1.2294549762343494, -1.0513592444601056, -0.2537739727618807, -6.105949314310546, -3.7712233474908747, -8.711448038196925], "Criteria": [-1.1292239514317282, -1.6057298584531927, -1.417781458326916, -0.3295064735693642, -8.010549406333638, -4.945639183489932, -11.803613815120645], "Alt": [-1.1008553464260729, -1.567229588481378, -1.3845844653442765, -0.31893207901371246, -7.80093911540929, -4.742839066339089, -11.508888014299648]}}