{"d": 7, "alpha": 0.6, "topics": ["Self", "Criteria", "Alt"], "softmax_temp": 0.7, "A": {"Self": [[9.31641320427337, 11.139515151555731, 10.321553190843707, 2.3834973390499963, 54.5983685063743, 34.23783887566323, 86.01431875216791], [11.139515151555731, 16.657932440817373, 13.88682987957745, 3.3630965460385576, 76.61293639474093, 47.907717438795295, 117.41082049951552], [10.321553190843707, 13.88682987957745, 13.92350349850894, 2.98483133993062, 68.16944929636863, 42.83964247137225, 106.97810567723589], [2.3834973390499963, 3.3630965460385576, 2.98483133993062, 1.815614966089133, 16.788694435566278, 10.362234784582744, 24.90883323365589], [54.5983685063743, 76.61293639474093, 68.16944929636863, 16.788694435566278, 397.84000000000975, 235.51247246087152, 573.4200000000002], [34.23783887566323, 47.907717438795295, 42.83964247137225, 10.362234784582744, 235.51247246087152, 171.3354797306035, 360.8752299189403], [86.01431875216791, 117.41082049951552, 106.97810567723589, 24.90883323365589, 573.4200000000002, 360.8752299189403, 910.5787250000008]], "Criteria": [[9.713829885556459, 11.460486304058092, 10.790920572144168, 2.4272649784774236, 56.300596435870204, 35.136089113917365, 89.51805426978999], [11.460486304058092, 16.76333938155308, 14.232932265752462, 3.344492913121238, 77.28117616221934, 47.777320584574014, 120.06419519650282], [10.790920572144168, 14.232932265752462, 14.47020468590644, 3.0267163602380194, 70.12647497898212, 43.66050282351514, 110.98774726667462], [2.4272649784774236, 3.344492913121238, 3.0267163602380194, 1.7995773722799315, 16.73726526999091, 10.283598544183773, 25.281722251627457], [56.300596435870204, 77.28117616221934, 70.12647497898212, 16.73726526999091, 404.04000000000923, 236.45896688822435, 588.9509999999992], [35.136089113917365, 47.777320584574014, 43.66050282351514, 10.283598544183773, 236.45896688822435, 168.73994820866554, 367.2808185768354], [89.51805426978999, 120.06419519650282, 110.98774726667462, 25.281722251627457, 588.9509999999992, 367.2808185768354, 939.9865500000018]], "Alt": [[9.403242393364119, 11.138702942751436, 10.405168493048324, 2.3544556494393225, 54.80669840639012, 33.798808212236864, 86.57564134017323], [11.138702942751436, 16.4783393979798, 13.820480801132405, 3.2827107753035585, 76.02410293416035, 46.6041064234227, 116.98839117963256], [10.405168493048324, 13.820480801132405, 13.989409972247337, 2.9292409112161275, 68.12848108444722, 41.93776240833137, 107.2780964457454], [2.3544556494393225, 3.2827107753035585, 2.9292409112161275, 1.7897827054168165, 16.42007110540327, 9.967938291224899, 24.48085669380655], [54.80669840639012, 76.02410293416035, 68.12848108444722, 16.42007110540327, 394.20000000000994, 229.23009378346543, 573.5039999999997], [33.798808212236864, 46.6041064234227, 41.93776240833137, 9.967938291224899, 229.23009378346543, 164.80492981763956, 355.25842192198724], [86.57564134017323, 116.98839117963256, 107.2780964457454, 24.48085669380655, 573.5039999999997, 355.25842192198724, 913.5546500000005]]}, "b": {"Self": [-0.7334476548338336, -1.076077782001873, -0.9207119324828537, -0.23777444518976223, -5.323398642310667, -3.2904977641279953, -7.8758980222493475], "Criteria": [-1.0084517411052887, -1.384061060767425, -1.253721952848899, -0.2979651659816062, -6.837832698521101, -4.22696482249977, -10.562367942508173], "Alt": [-0.9820937509520291, -1.363300189663177, -1.2196750473216185, -0.29354163334883865, -6.73487517548683, -4.127430338086385, -10.309500371117846]}}