{"d": 7, "alpha": 0.6, "topics": ["Self", "Criteria", "Alt"], "softmax_temp": 0.7, "A": {"Self": [[1.707742872375963, 1.1095219846010302, 0.8678306477815375, 0.18162883435181618, 4.347811876077479, 5.866442691615845, 6.599656489912748], [1.1095219846010302, 2.8762720268208635, 1.3891761860627627, 0.2952644186398038, 7.228782888553593, 10.186807508032635, 10.141823174154965], [0.8678306477815375, 1.3891761860627627, 2.077024587250584, 0.22735198920189997, 5.393388050125493, 7.392246719166118, 8.041417124655188], [0.18162883435181618, 0.2952644186398038, 0.22735198920189997, 1.0536713635803012, 1.1808424314128676, 1.536272738533715, 1.6625431418766987], [4.347811876077479, 7.228782888553593, 5.393388050125493, 1.1808424314128676, 29.44000000000001, 38.69356043645953, 39.55700000000001], [5.866442691615845, 10.186807508032635, 7.392246719166118, 1.536272738533715, 38.69356043645953, 64.38983482542774, 53.63918157317841], [6.599656489912748, 10.141823174154965, 8.041417124655188, 1.6625431418766987, 39.55700000000001, 53.63918157317841, 67.399075]], "Criteria": [[1.7361381203008945, 1.1249473245840484, 0.9021889547230206, 0.19140061996438332, 4.4495071511822335, 5.766781844975663, 6.796205639043341], [1.1249473245840484, 2.876053525036669, 1.4102081765444927, 0.30316500367113886, 7.267890866163998, 9.98524702059272, 10.23264670727566], [0.9021889547230206, 1.4102081765444927, 2.118775823716202, 0.2394035255134272, 5.527411456996255, 7.286231952161526, 8.292322175855146], [0.19140061996438332, 0.30316500367113886, 0.2394035255134272, 1.0576070626534522, 1.2287061957992826, 1.5498949227363836, 1.7414611797759436], [4.4495071511822335, 7.267890866163998, 5.527411456996255, 1.2287061957992826, 29.800000000000008, 38.25628559878438, 40.21], [5.766781844975663, 9.98524702059272, 7.286231952161526, 1.5498949227363836, 38.25628559878438, 62.220474166296775, 52.08762187599695], [6.796205639043341, 10.23264670727566, 8.292322175855146, 1.7414611797759436, 40.21, 52.08762187599695, 68.61292500000003]], "Alt": [[1.729258645930496, 1.1220053494023734, 0.8962208680406397, 0.18180728185706962, 4.359543851646749, 5.8626855063535555, 6.771849460739781], [1.1220053494023734, 2.876124432893642, 1.4089285063853503, 0.2935383217580032, 7.180389815635263, 10.171159856989206, 10.206685519921503], [0.8962208680406397, 1.4089285063853503, 2.1146245445833944, 0.22874897688929807, 5.430548157999283, 7.429271246256577, 8.26918335210499], [0.18180728185706962, 0.2935383217580032, 0.22874897688929807, 1.0527252220011072, 1.162820245832555, 1.5188122035293008, 1.6544301314496968], [4.359543851646749, 7.180389815635263, 5.430548157999283, 1.162820245832555, 29.00000000000001, 38.26047768316551, 39.434], [5.8626855063535555, 10.171159856989206, 7.429271246256577, 1.5188122035293008, 38.26047768316551, 64.41838717007712, 53.341998171776595], [6.771849460739781, 10.206685519921503, 8.26918335210499, 1.6544301314496968, 39.434, 53.341998171776595, 68.62917500000003]]}, "b": {"Self": [-0.08379475195312318, -0.14937605319816105, -0.10597603535127764, -0.023241255668884627, -0.5760506773582248, -0.8199432000126405, -0.7487401047081018], "Criteria": [-0.10188059882464867, -0.17068114942401766, -0.12774657310742632, -0.02747754222166592, -0.6618156825234717, -0.9099922878712073, -0.9142115032518128], "Alt": [-0.10125197910437893, -0.1698449548064678, -0.12712286782248403, -0.026471815720007476, -0.6505106452286153, -0.9213815030619955, -0.9096888089373539]}}