{"d": 7, "alpha": 0.6, "topics": ["Self", "Criteria", "Alt"], "softmax_temp": 0.7, "A": {"Self": [[1.4098441388096585, 0.36900852920320765, 0.4678791143186543, 0.04326819481087684, 2.2801964877675323, 1.7810339168397553, 3.5620678336795106], [0.36900852920320765, 1.3334147332948048, 0.4210303223536088, 0.039073260025422864, 2.0593137673888227, 1.6063888420321746, 3.212777684064349], [0.4678791143186543, 0.4210303223536088, 1.5353355328294134, 0.049359187892260674, 2.6035275495999857, 2.033639177751266, 4.067278355502532], [0.04326819481087684, 0.039073260025422864, 0.049359187892260674, 1.0047700442742349, 0.24167711912896161, 0.18827709096587011, 0.37655418193174023], [2.2801964877675323, 2.0593137673888227, 2.6035275495999857, 0.24167711912896161, 13.877551020408163, 9.928571428571429, 19.857142857142858], [1.7810339168397553, 1.6063888420321746, 2.033639177751266, 0.18827709096587011, 9.928571428571429, 8.75, 15.5], [3.5620678336795106, 3.212777684064349, 4.067278355502532, 0.37655418193174023, 19.857142857142858, 15.5, 32.0]], "Criteria": [[1.298424659979849, 0.26603634335412113, 0.3381978521229856, 0.03516787829052381, 1.6729992003488738, 1.3090149280349066, 2.618029856069813], [0.26603634335412113, 1.2380539363833996, 0.30137296866230684, 0.03140562349826538, 1.5011265808428127, 1.1689630760969245, 2.337926152193849], [0.3381978521229856, 0.30137296866230684, 1.3838036736079802, 0.039747017141268964, 1.8960973853103749, 1.4827593116361903, 2.9655186232723807], [0.03516787829052381, 0.03140562349826538, 0.039747017141268964, 1.0045588612943763, 0.19514897562359523, 0.15487073164477144, 0.3097414632895429], [1.6729992003488738, 1.5011265808428127, 1.8960973853103749, 0.19514897562359523, 10.653061224489798, 7.357142857142855, 14.71428571428571], [1.3090149280349066, 1.1689630760969245, 1.4827593116361903, 0.15487073164477144, 7.357142857142855, 6.75, 11.5], [2.618029856069813, 2.337926152193849, 2.9655186232723807, 0.3097414632895429, 14.71428571428571, 11.5, 24.0]], "Alt": [[1.3517718762723956, 0.30582230504667923, 0.4006047214521081, 0.03910280193688379, 1.9263187486251736, 1.511283200115206, 3.022566400230412], [0.30582230504667923, 1.266418997148333, 0.34838698894600967, 0.03393436326872396, 1.6797432350147985, 1.314993184954576, 2.629986369909152], [0.4006047214521081, 0.34838698894600967, 1.456945609113529, 0.04455607087202025, 2.1956554779856896, 1.7212126770730358, 3.4424253541460716], [0.03910280193688379, 0.03393436326872396, 0.04455607087202025, 1.0045439100011, 0.21615991568553186, 0.16797276287906163, 0.33594552575812325], [1.9263187486251736, 1.6797432350147985, 2.1956554779856896, 0.21615991568553186, 11.816326530612246, 8.285714285714283, 16.571428571428566], [1.511283200115206, 1.314993184954576, 1.7212126770730358, 0.16797276287906163, 8.285714285714283, 7.5, 13.0], [3.022566400230412, 2.629986369909152, 3.4424253541460716, 0.33594552575812325, 16.571428571428566, 13.0, 27.0]]}, "b": {"Self": [-0.035620678336795115, -0.03212777684064349, -0.040672783555025335, -0.0037655418193174015, -0.19857142857142865, -0.15500000000000005, -0.3100000000000001], "Criteria": [-0.02618029856069812, -0.023379261521938487, -0.029655186232723806, -0.0030974146328954276, -0.1471428571428572, -0.11500000000000003, -0.23000000000000007], "Alt": [-0.030225664002304125, -0.026299863699091527, -0.03442425354146072, -0.003359455257581233, -0.1657142857142858, -0.13000000000000003, -0.26000000000000006]}}