{"d": 7, "alpha": 0.8, "topics": ["Self", "Criteria", "Alt"], "softmax_temp": 0.5, "A": {"Self": [[1.1305258659791262, 0.27473238046186804, 0.18137459465040054, 0.10092972511624013, 1.0367246755583737, 1.1765384483471357, 1.7418606619011348], [0.27473238046186804, 1.8370223919666067, 0.4093450010565203, 0.3045779549143753, 3.3624062997631836, 3.5777348659704598, 4.300795524135126], [0.18137459465040054, 0.4093450010565203, 1.2574680395867182, 0.14634926527147799, 1.559395493122947, 1.7348247904657454, 2.5014755607393235], [0.10092972511624013, 0.3045779549143753, 0.14634926527147799, 1.1310064954024661, 1.2997569860392921, 1.3802339572508113, 1.5829381672608955], [1.0367246755583737, 3.3624062997631836, 1.559395493122947, 1.2997569860392921, 15.0625, 14.625, 16.84], [1.1765384483471357, 3.5777348659704598, 1.7348247904657454, 1.3802339572508113, 14.625, 16.75, 18.24], [1.7418606619011348, 4.300795524135126, 2.5014755607393235, 1.5829381672608955, 16.84, 18.24, 27.7072]], "Criteria": [[1.0947881292308361, 0.22213486117871048, 0.13016976170327815, 0.08885034744458405, 0.8416299244632295, 1.0427708621256762, 1.3207881557639845], [0.22213486117871048, 1.8289449825666242, 0.33431314215258184, 0.3044556358117971, 3.327468821200528, 3.7497121369287605, 3.756767544720332], [0.13016976170327815, 0.33431314215258184, 1.182376091873252, 0.12977880703377245, 1.2825919032016866, 1.5491469961937392, 1.8898245671312823], [0.08885034744458405, 0.3044556358117971, 0.12977880703377245, 1.1333478369920178, 1.3030069297398659, 1.4639608721629045, 1.4184488239493738], [0.8416299244632295, 3.327468821200528, 1.2825919032016866, 1.3030069297398659, 15.125, 15.25, 14.524999999999995], [1.0427708621256762, 3.7497121369287605, 1.5491469961937392, 1.4639608721629045, 15.25, 18.5, 16.970000000000002], [1.3207881557639845, 3.756767544720332, 1.8898245671312823, 1.4184488239493738, 14.524999999999995, 16.970000000000002, 22.9812]], "Alt": [[1.0822971967851576, 0.2175194307000612, 0.11842505301269844, 0.08257668169552232, 0.7895969017732628, 1.007789224543059, 1.2210461918420186], [0.2175194307000612, 1.8067957950954616, 0.33326082761898307, 0.2915124267987174, 3.118118145068958, 3.6490274612920985, 3.6291605585683104], [0.11842505301269844, 0.33326082761898307, 1.1736531272390476, 0.12300789183054514, 1.2273039590710964, 1.5216336760599447, 1.8121948899222506], [0.08257668169552232, 0.2915124267987174, 0.12300789183054514, 1.1227576197475337, 1.1824110148919162, 1.3880743857657991, 1.3424549343705428], [0.7895969017732628, 3.118118145068958, 1.2273039590710964, 1.1824110148919162, 13.6875, 14.125, 13.759999999999996], [1.007789224543059, 3.6490274612920985, 1.5216336760599447, 1.3880743857657991, 14.125, 18.0, 16.289999999999996], [1.2210461918420186, 3.6291605585683104, 1.8121948899222506, 1.3424549343705428, 13.759999999999996, 16.289999999999996, 21.9916]]}, "b": {"Self": [-0.0012200572172171855, -0.03169417678518731, -0.0036896267145452334, -0.01367014183455489, -0.14806493052730954, -0.14672533986146627, -0.0910908985413452], "Criteria": [-0.020855417242513517, -0.07499424273857515, -0.03098293992387478, -0.029279217443258145, -0.30500000000000016, -0.3500000000000002, -0.3394], "Alt": [-0.020155784490861185, -0.07298054922584193, -0.030432673521198873, -0.027761487715316027, -0.28250000000000014, -0.3400000000000002, -0.32580000000000003]}}