{"d": 7, "alpha": 0.6, "topics": ["Self", "Criteria", "Alt"], "softmax_temp": 0.7, "A": {"Self": [[14.54650923089267, 20.887442660219506, 16.584076860316348, 4.572750924998071, 98.15839077009784, 105.28792998039461, 127.23918807787405], [20.887442660219506, 35.11807922292304, 25.687100753659305, 7.454194092193273, 159.66397354096534, 172.811476350148, 196.03138396247292], [16.584076860316348, 25.687100753659305, 21.44644605390313, 5.613747750816039, 120.5958801537022, 129.9268291932388, 155.48585418231156], [4.572750924998071, 7.454194092193273, 5.613747750816039, 2.8649214061715385, 36.17890188638951, 38.18208821772077, 42.14370088285304], [98.15839077009784, 159.66397354096534, 120.5958801537022, 36.17890188638951, 817.440000000011, 819.3174025987453, 919.3949999999976], [105.28792998039461, 172.811476350148, 129.9268291932388, 38.18208821772077, 819.3174025987453, 1022.5485782201869, 977.280812510803], [127.23918807787405, 196.03138396247292, 155.48585418231156, 42.14370088285304, 919.3949999999976, 977.280812510803, 1307.374900000002]], "Criteria": [[14.535167855364513, 20.826506329170865, 16.559615398623112, 4.615614855747979, 98.23518198583918, 104.75469478169192, 128.4399068313011], [20.826506329170865, 34.872364141393405, 25.596147675704245, 7.487665026807626, 159.11025106001537, 171.00984380332918, 197.4297276799951], [16.559615398623112, 25.596147675704245, 21.4026502314273, 5.666709972360664, 120.53052956094167, 129.14247087826254, 156.8774894027649], [4.615614855747979, 7.487665026807626, 5.666709972360664, 2.894776100615527, 36.47670085265695, 38.179414393361085, 43.006490707584035], [98.23518198583918, 159.11025106001537, 120.53052956094167, 36.47670085265695, 818.8000000000112, 808.4546335577436, 928.3580000000009], [104.75469478169192, 171.00984380332918, 129.14247087826254, 38.179414393361085, 808.4546335577436, 1007.7008803429147, 984.8979303641405], [128.4399068313011, 197.4297276799951, 156.8774894027649, 43.006490707584035, 928.3580000000009, 984.8979303641405, 1327.9916]], "Alt": [[14.721813882356335, 21.323250945641686, 16.807463880961727, 4.704124207216168, 99.43105320274319, 107.26484331889989, 129.66325233153177], [21.323250945641686, 36.0445261476521, 26.23079767675296, 7.724315588177072, 162.93076957067083, 176.91371178410424, 201.60314840364686], [16.807463880961727, 26.23079767675296, 21.72493919586788, 5.781616648336523, 122.19072295880157, 132.27029988230356, 158.48449417845538], [4.704124207216168, 7.724315588177072, 5.781616648336523, 2.9500348974133144, 37.29801298581333, 39.3921943704911, 43.60578044103497], [99.43105320274319, 162.93076957067083, 122.19072295880157, 37.29801298581333, 828.6800000000125, 827.3362046832754, 941.406999999997], [107.26484331889989, 176.91371178410424, 132.27029988230356, 39.3921943704911, 827.3362046832754, 1044.396473901502, 1003.3680258519676], [129.66325233153177, 201.60314840364686, 158.48449417845538, 43.60578044103497, 941.406999999997, 1003.3680258519676, 1338.2487250000013]]}, "b": {"Self": [-1.5917366448794972, -2.7034397343216856, -1.9648047728281035, -0.5999860689013381, -12.773786704277166, -13.99488428118524, -14.640079196650575], "Criteria": [-1.895568861700546, -3.0846190255685686, -2.331367128505418, -0.6882590886781147, -14.598996216647526, -15.779211877821009, -17.81315738907459], "Alt": [-1.9315744834621698, -3.1740199798789175, -2.377420602437798, -0.7062542099774997, -14.860631739836375, -16.235502811405052, -18.08313891382264]}}