{"d": 7, "alpha": 0.8, "topics": ["Self", "Criteria", "Alt"], "softmax_temp": 0.5, "A": {"Self": [[1.0, 0.0, 0.0, 0.0, 0.0, 0.0, 0.0], [0.0, 1.0, 0.0, 0.0, 0.0, 0.0, 0.0], [0.0, 0.0, 1.0, 0.0, 0.0, 0.0, 0.0], [0.0, 0.0, 0.0, 1.0, 0.0, 0.0, 0.0], [0.0, 0.0, 0.0, 0.0, 1.0, 0.0, 0.0], [0.0, 0.0, 0.0, 0.0, 0.0, 1.0, 0.0], [0.0, 0.0, 0.0, 0.0, 0.0, 0.0, 1.0]], "Criteria": [[1.0136965367642066, 0.011668079727951738, 0.018012478437369, 0.006431355755138423, 0.05851610198100718, 0.05851610198100718, 0.11703220396201436], [0.011668079727951738, 1.0099400371700988, 0.015344830457760519, 0.005478871995283087, 0.0498498675276546, 0.0498498675276546, 0.0996997350553092], [0.018012478437369, 0.015344830457760519, 1.023688424675687, 0.008457952463225546, 0.07695522184310648, 0.07695522184310648, 0.15391044368621296], [0.006431355755138423, 0.005478871995283087, 0.008457952463225546, 1.0030199120815158, 0.02747686336500112, 0.02747686336500112, 0.05495372673000224], [0.05851610198100718, 0.0498498675276546, 0.07695522184310648, 0.02747686336500112, 1.25, 0.25, 0.5], [0.05851610198100718, 0.0498498675276546, 0.07695522184310648, 0.02747686336500112, 0.25, 1.25, 0.5], [0.11703220396201436, 0.0996997350553092, 0.15391044368621296, 0.05495372673000224, 0.5, 0.5, 2.0]], "Alt": [[1.0, 0.0, 0.0, 0.0, 0.0, 0.0, 0.0], [0.0, 1.0, 0.0, 0.0, 0.0, 0.0, 0.0], [0.0, 0.0, 1.0, 0.0, 0.0, 0.0, 0.0], [0.0, 0.0, 0.0, 1.0, 0.0, 0.0, 0.0], [0.0, 0.0, 0.0, 0.0, 1.0, 0.0, 0.0], [0.0, 0.0, 0.0, 0.0, 0.0, 1.0, 0.0], [0.0, 0.0, 0.0, 0.0, 0.0, 0.0, 1.0]]}, "b": {"Self": [0.0, 0.0, 0.0, 0.0, 0.0, 0.0, 0.0], "Criteria": [-0.0011703220396201437, -0.000996997350553092, -0.0015391044368621295, -0.0005495372673000224, -0.005, -0.005, -0.01], "Alt": [0.0, 0.0, 0.0, 0.0, 0.0, 0.0, 0.0]}}