{"d": 7, "alpha": 0.8, "topics": ["Self", "Criteria", "Alt"], "softmax_temp": 0.5, "A": {"Self": [[1.5982125402570988, 1.0394476226694218, 0.8145070723468407, 0.43327753084530174, 3.7661711706728016, 3.481661544318771, 5.060797461673505], [1.0394476226694218, 2.9851316143603532, 1.4276473042692595, 0.8404886976483269, 7.208413712645193, 6.415421738359327, 8.742659788565689], [0.8145070723468407, 1.4276473042692595, 2.125902877684881, 0.5929794622827678, 5.194040270928794, 4.772028616417634, 6.7926381809514025], [0.43327753084530174, 0.8404886976483269, 0.5929794622827678, 1.4075233552179318, 3.148081644000019, 2.6632164886148675, 3.516943785218812], [3.7661711706728016, 7.208413712645193, 5.194040270928794, 3.148081644000019, 28.8125, 23.166580843101848, 30.479999999999997], [3.481661544318771, 6.415421738359327, 4.772028616417634, 2.6632164886148675, 23.166580843101848, 24.592183350099102, 29.788972710759317], [5.060797461673505, 8.742659788565689, 6.7926381809514025, 3.516943785218812, 30.479999999999997, 29.788972710759317, 49.95799999999999]], "Criteria": [[1.5316575027227641, 0.9362907667591953, 0.7279060585874869, 0.41047126731615446, 3.5227879489761307, 3.393987498089377, 4.376549184773635], [0.9362907667591953, 2.8060441842958244, 1.2863641116860078, 0.8085233190584701, 6.8288551772955195, 6.333165764325605, 7.681482308117003], [0.7279060585874869, 1.2863641116860078, 2.0070743192188023, 0.5673542736330239, 4.850893356882005, 4.623096438846606, 5.926728693507122], [0.41047126731615446, 0.8085233190584701, 0.5673542736330239, 1.409106152023989, 3.1117377307615603, 2.71490116418856, 3.3322750025385264], [3.5227879489761307, 6.8288551772955195, 4.850893356882005, 3.1117377307615603, 27.6875, 23.914454685631185, 28.500000000000004], [3.393987498089377, 6.333165764325605, 4.623096438846606, 2.71490116418856, 23.914454685631185, 25.68736041103142, 28.2645274028456], [4.376549184773635, 7.681482308117003, 5.926728693507122, 3.3322750025385264, 28.500000000000004, 28.2645274028456, 41.58840000000001]], "Alt": [[1.6193135958994394, 1.0637983929072634, 0.8397575974998452, 0.4264179592403204, 3.9264279782796274, 3.4698817039075713, 5.4494922095077065], [1.0637983929072634, 2.9993369162196157, 1.4534211279175826, 0.8017620546854425, 7.331881795320942, 6.386032442228002, 9.377623225987806], [0.8397575974998452, 1.4534211279175826, 2.15264604524671, 0.5814379729450021, 5.384966312858843, 4.709579659192386, 7.2999154685191945], [0.4264179592403204, 0.8017620546854425, 0.5814379729450021, 1.3788230967416069, 3.005901628360968, 2.548810633825247, 3.688461808552604], [3.9264279782796274, 7.331881795320942, 5.384966312858843, 3.005901628360968, 29.4375, 23.86683897488566, 33.23500000000001], [3.4698817039075713, 6.386032442228002, 4.709579659192386, 2.548810633825247, 23.86683897488566, 24.256490211116585, 30.50423311424418], [5.4494922095077065, 9.377623225987806, 7.2999154685191945, 3.688461808552604, 33.23500000000001, 30.50423311424418, 54.66560000000001]]}, "b": {"Self": [-0.04358442321832115, -0.09927643320971066, -0.05998585525652045, -0.04393892249135554, -0.3724642097542273, -0.3038589568740329, -0.3400256386417262], "Criteria": [-0.07711252336394817, -0.14757304551895475, -0.10558409106673489, -0.06600350543379822, -0.5593922591967403, -0.5194955616183182, -0.6243277349771857], "Alt": [-0.08289638295631384, -0.155080258553596, -0.11310011339233712, -0.06270941076187667, -0.5720442396289696, -0.503679827095397, -0.7179713007730066]}}