{"d": 7, "alpha": 0.8, "topics": ["Self", "Criteria", "Alt"], "softmax_temp": 0.5, "A": {"Self": [[1.8069735465138697, 0.9921694449318644, 0.974025695132324, 0.24970562846586508, 5.05919882879683, 2.654081803144903, 8.09193340133626], [0.9921694449318644, 2.272053677369007, 1.200299403173015, 0.315396335687063, 6.453703234501507, 3.3832015953890444, 10.204555199193923], [0.974025695132324, 1.200299403173015, 2.182402503784013, 0.30198080774473235, 6.132563694768329, 3.196508630159411, 9.774375632351791], [0.24970562846586508, 0.315396335687063, 0.30198080774473235, 1.08270630074551, 1.602829890313587, 0.8316194570204795, 2.542618068768583], [5.05919882879683, 6.453703234501507, 6.132563694768329, 1.602829890313587, 34.319999999999965, 17.047795901611774, 52.11399999999999], [2.654081803144903, 3.3832015953890444, 3.196508630159411, 0.8316194570204795, 17.047795901611774, 11.533308655313396, 27.298580524985024], [8.09193340133626, 10.204555199193923, 9.774375632351791, 2.542618068768583, 52.11399999999999, 27.298580524985024, 83.69082500000005]], "Criteria": [[1.8275188419231698, 1.0136883046573082, 1.0084005511530962, 0.25760095219696205, 5.207261421403225, 2.8941903423318123, 8.318622548995311], [1.0136883046573082, 2.309885175682309, 1.2382431742900928, 0.32458808493888114, 6.657565506932997, 3.6548624932336478, 10.531257150955682], [1.0084005511530962, 1.2382431742900928, 2.234834127892112, 0.31455412820505796, 6.367332970417356, 3.5125695120200615, 10.14408172106236], [0.25760095219696205, 0.32458808493888114, 0.31455412820505796, 1.0844782299223277, 1.6589297445783882, 0.9203078860498266, 2.6374583764586377], [5.207261421403225, 6.657565506932997, 6.367332970417356, 1.6589297445783882, 35.279999999999966, 18.55781891956537, 53.922], [2.8941903423318123, 3.6548624932336478, 3.5125695120200615, 0.9203078860498266, 18.55781891956537, 13.265770505052267, 29.819544927299283], [8.318622548995311, 10.531257150955682, 10.14408172106236, 2.6374583764586377, 53.922, 29.819544927299283, 86.59907500000006]], "Alt": [[1.7629938157402214, 0.9237268665281947, 0.9351568733423387, 0.2222587619386665, 4.739823461437783, 2.4833415147451756, 7.520032319439066], [0.9237268665281947, 2.1798991875841818, 1.134092230100253, 0.27788412003644924, 5.9970090159019005, 3.0700539149553534, 9.396457747790839], [0.9351568733423387, 1.134092230100253, 2.152617146647462, 0.2723701728035535, 5.833199358024707, 3.03353288425349, 9.218642636381789], [0.2222587619386665, 0.27788412003644924, 0.2723701728035535, 1.068565134837509, 1.4109609348059537, 0.7355546679870925, 2.2291267326155317], [4.739823461437783, 5.9970090159019005, 5.833199358024707, 1.4109609348059537, 31.999999999999968, 15.716373911601652, 48.13399999999998], [2.4833415147451756, 3.0700539149553534, 3.03353288425349, 0.7355546679870925, 15.716373911601652, 10.386973398068253, 24.933880818202304], [7.520032319439066, 9.396457747790839, 9.218642636381789, 2.2291267326155317, 48.13399999999998, 24.933880818202304, 76.78760000000001]]}, "b": {"Self": [-0.06372325550343784, -0.08213931172967738, -0.07735778771001253, -0.02074493091438534, -0.42067979927815913, -0.21851457541081265, -0.6592484767006995], "Criteria": [-0.08862643301228702, -0.11285602363060607, -0.10829268787972664, -0.028209022001949417, -0.577564463813792, -0.3158531361236449, -0.9141359618586861], "Alt": [-0.08063567673730682, -0.10171929595696332, -0.09908032829572522, -0.024011908430969967, -0.520597833018044, -0.266803684703121, -0.8160973469738714]}}