{"d": 7, "alpha": 0.8, "topics": ["Self", "Criteria", "Alt"], "softmax_temp": 0.5, "A": {"Self": [[2.1930809020793176, 1.854035603777516, 1.3860268224998833, 0.5392494949113563, 9.174359599773924, 8.64538315443263, 10.038517917742002], [1.854035603777516, 4.002059808218762, 2.157315289944042, 0.8840227762400529, 15.195675195858087, 14.063445646997504, 15.53960156407585], [1.3860268224998833, 2.157315289944042, 2.6123365454191236, 0.629758929582263, 10.699268886652654, 10.100492544020602, 11.586710772594037], [0.5392494949113563, 0.8840227762400529, 0.629758929582263, 1.2719048117233975, 4.540785044466712, 4.2457076371188816, 4.361377768405147], [9.174359599773924, 15.195675195858087, 10.699268886652654, 4.540785044466712, 83.47999999999995, 73.73027866147267, 78.06599999999995], [8.64538315443263, 14.063445646997504, 10.100492544020602, 4.2457076371188816, 73.73027866147267, 78.3940153870503, 69.44479963130614], [10.038517917742002, 15.53960156407585, 11.586710772594037, 4.361377768405147, 78.06599999999995, 69.44479963130614, 99.85539999999995]], "Criteria": [[1.9984834282266168, 1.6207526379125048, 1.1622622610668083, 0.47609403788633325, 8.63622309476048, 7.860134776621993, 8.897054914243618], [1.6207526379125048, 3.7222120008878203, 1.890637557073411, 0.8045338593904418, 14.692295434017733, 13.023336154380456, 14.411547512410385], [1.1622622610668083, 1.890637557073411, 2.355152975982885, 0.5572534937897844, 10.104536562130285, 9.190876191857601, 10.290199474671287], [0.47609403788633325, 0.8045338593904418, 0.5572534937897844, 1.2498770736976157, 4.384151278703084, 3.9233205321863083, 4.0592634716612555], [8.63622309476048, 14.692295434017733, 10.104536562130285, 4.384151278703084, 84.95999999999995, 71.9496741403222, 77.55199999999995], [7.860134776621993, 13.023336154380456, 9.190876191857601, 3.9233205321863083, 71.9496741403222, 73.02878132799718, 68.07822009987927], [8.897054914243618, 14.411547512410385, 10.290199474671287, 4.0592634716612555, 77.55199999999995, 68.07822009987927, 95.39892500000003]], "Alt": [[2.1700314546847537, 1.8166176090516344, 1.3524851175893189, 0.530199167558942, 9.175226937861497, 8.422339597071675, 10.123439869125608], [1.8166176090516344, 3.9271035184244596, 2.1049657096979635, 0.8657504204283255, 15.107563112416528, 13.582167815245208, 15.594538202588414], [1.3524851175893189, 2.1049657096979635, 2.5657613556036, 0.6171131030218865, 10.668333009171791, 9.782922824396987, 11.617979175442583], [0.530199167558942, 0.8657504204283255, 0.6171131030218865, 1.2677086135474156, 4.546224571257444, 4.094223290726285, 4.379928179432977], [9.175226937861497, 15.107563112416528, 10.668333009171791, 4.546224571257444, 84.99999999999996, 72.97658894669198, 78.84599999999999], [8.422339597071675, 13.582167815245208, 9.782922824396987, 4.094223290726285, 72.97658894669198, 74.81137422049157, 70.77592521939663], [10.123439869125608, 15.594538202588414, 11.617979175442583, 4.379928179432977, 78.84599999999999, 70.77592521939663, 102.50702500000001]]}, "b": {"Self": [-0.14842740557444342, -0.2497062853711713, -0.17365345053845813, -0.07463621702202079, -1.288822511325258, -1.1955033419164838, -1.2069370900333014], "Criteria": [-0.1500653781967306, -0.25358243714059026, -0.1753531549290397, -0.07509408940951806, -1.390312223901784, -1.2220099012761416, -1.3279764112882435], "Alt": [-0.1658263210485629, -0.26903719909093654, -0.1924946688284081, -0.07999119381029976, -1.4142729707718016, -1.2629048374740013, -1.4124236294326757]}}