{"d": 7, "alpha": 0.6, "topics": ["Self", "Criteria", "Alt"], "softmax_temp": 0.7, "A": {"Self": [[36.506207071513614, 38.300314765888984, 42.84318823461378, 7.877122171168692, 177.097188411789, 101.3625427584706, 170.95375209848743], [38.300314765888984, 42.82082775008843, 46.21334343202445, 8.53778990195508, 192.2678785968037, 110.14617922596393, 185.48779468078388], [42.84318823461378, 46.21334343202445, 52.91732055774685, 9.489983397236255, 213.10458452705726, 122.59575699320139, 206.38181504176166], [7.877122171168692, 8.53778990195508, 9.489983397236255, 2.978863641203334, 40.295330853811, 22.565529573908858, 38.13101605892137], [177.097188411789, 192.2678785968037, 213.10458452705726, 40.295330853811, 949.2000000000063, 506.0133589873933, 857.1683333333283], [101.3625427584706, 110.14617922596393, 122.59575699320139, 22.565529573908858, 506.0133589873933, 351.2717392170132, 506.66675340134583], [170.95375209848743, 185.48779468078388, 206.38181504176166, 38.13101605892137, 857.1683333333283, 506.66675340134583, 1087.9772916666682]], "Criteria": [[37.144843650160084, 38.94104251054139, 43.60827513387558, 7.980420707756033, 181.57275969510647, 103.40059620190524, 168.90588918819032], [38.94104251054139, 43.425025200532815, 46.98988206890646, 8.629025339152008, 196.5307068069386, 112.08724915134452, 182.99799745800408], [43.60827513387558, 46.98988206890646, 53.84646396296742, 9.611386494447762, 218.53447671683463, 124.92894527126937, 203.67372931098592], [7.980420707756033, 8.629025339152008, 9.611386494447762, 2.9967294054353903, 40.9773797627292, 23.004705976475773, 37.51247736576312], [181.57275969510647, 196.5307068069386, 218.53447671683463, 40.9773797627292, 976.8000000000056, 519.744736405679, 855.3750000000009], [103.40059620190524, 112.08724915134452, 124.92894527126937, 23.004705976475773, 519.744736405679, 357.86983381797984, 502.18746846385324], [168.90588918819032, 182.99799745800408, 203.67372931098592, 37.51247736576312, 855.3750000000009, 502.18746846385324, 1060.609097222224]], "Alt": [[37.89219431809948, 39.84912676032965, 44.48169727549943, 8.101529789996194, 183.55834875652212, 106.30192103147746, 173.24899753633218], [39.84912676032965, 44.533915287565826, 48.05549564367667, 8.79167009405864, 199.3710653518591, 115.44874319539086, 188.37191890989942], [44.48169727549943, 48.05549564367667, 54.870240336884756, 9.754892003912609, 220.74816072597, 128.29022572582292, 208.9486842540321], [8.101529789996194, 8.79167009405864, 9.754892003912609, 3.02328604621381, 41.36504334471665, 23.41579713353033, 38.2872237580462], [183.55834875652212, 199.3710653518591, 220.74816072597, 41.36504334471665, 981.0000000000064, 530.4418515035379, 864.7566666666655], [106.30192103147746, 115.44874319539086, 128.29022572582292, 23.41579713353033, 530.4418515035379, 370.7452151443413, 516.8265840344314], [173.24899753633218, 188.37191890989942, 208.9486842540321, 38.2872237580462, 864.7566666666655, 516.8265840344314, 1094.5247222222256]]}, "b": {"Self": [-3.3296055120337, -3.614854514981943, -4.017777744672594, -0.7430994045645185, -16.706000000000127, -9.57236021556013, -16.12675], "Criteria": [-3.3885971579233454, -3.671559743727704, -4.088678234064627, -0.7523300406425467, -17.106000000000254, -9.753917558903062, -15.92091666666663], "Alt": [-3.4591587612431947, -3.758697365396921, -4.171313844868249, -0.7643533749462915, -17.30800000000028, -10.034736334298737, -16.352333333333327]}}