{"d": 7, "alpha": 0.8, "topics": ["Self", "Criteria", "Alt"], "softmax_temp": 0.5, "A": {"Self": [[1.00307627589386, 0.005581023028353642, 0.0054100191361433495, 0.0005933729964799279, 0.027732092843220424, 0.027732092843220424, 0.05546418568644085], [0.005581023028353642, 1.010125170536616, 0.009814932868314478, 0.0010765056425424773, 0.05031195319359045, 0.05031195319359045, 0.1006239063871809], [0.0054100191361433495, 0.009814932868314478, 1.0095142009570255, 0.001043521249909464, 0.04877038280817958, 0.04877038280817958, 0.09754076561635916], [0.0005933729964799279, 0.0010765056425424773, 0.001043521249909464, 1.0001144538152948, 0.005349154496150728, 0.005349154496150728, 0.010698308992301456], [0.027732092843220424, 0.05031195319359045, 0.04877038280817958, 0.005349154496150728, 1.25, 0.25, 0.5], [0.027732092843220424, 0.05031195319359045, 0.04877038280817958, 0.005349154496150728, 0.25, 1.25, 0.5], [0.05546418568644085, 0.1006239063871809, 0.09754076561635916, 0.010698308992301456, 0.5, 0.5, 2.0]], "Criteria": [[1.0, 0.0, 0.0, 0.0, 0.0, 0.0, 0.0], [0.0, 1.0, 0.0, 0.0, 0.0, 0.0, 0.0], [0.0, 0.0, 1.0, 0.0, 0.0, 0.0, 0.0], [0.0, 0.0, 0.0, 1.0, 0.0, 0.0, 0.0], [0.0, 0.0, 0.0, 0.0, 1.0, 0.0, 0.0], [0.0, 0.0, 0.0, 0.0, 0.0, 1.0, 0.0], [0.0, 0.0, 0.0, 0.0, 0.0, 0.0, 1.0]], "Alt": [[1.0, 0.0, 0.0, 0.0, 0.0, 0.0, 0.0], [0.0, 1.0, 0.0, 0.0, 0.0, 0.0, 0.0], [0.0, 0.0, 1.0, 0.0, 0.0, 0.0, 0.0], [0.0, 0.0, 0.0, 1.0, 0.0, 0.0, 0.0], [0.0, 0.0, 0.0, 0.0, 1.0, 0.0, 0.0], [0.0, 0.0, 0.0, 0.0, 0.0, 1.0, 0.0], [0.0, 0.0, 0.0, 0.0, 0.0, 0.0, 1.0]]}, "b": {"Self": [0.05783103357947609, 0.10491787515051744, 0.10170316614071342, 0.011154842695700962, 0.5213367226413085, 0.5213367226413085, 1.042673445282617], "Criteria": [0.0, 0.0, 0.0, 0.0, 0.0, 0.0, 0.0], "Alt": [0.0, 0.0, 0.0, 0.0, 0.0, 0.0, 0.0]}}