{"d": 7, "alpha": 0.6, "topics": ["Self", "Criteria", "Alt"], "softmax_temp": 0.7, "A": {"Self": [[14.92492481909091, 20.976642213018312, 17.48062637264234, 4.553428981811029, 105.10896815734189, 102.33764746156614, 131.8149309972663], [20.976642213018312, 34.45010639251952, 26.439290694576098, 7.285383370684141, 167.67142054347156, 164.40570494915468, 198.31997779127852], [17.48062637264234, 26.439290694576098, 23.129825160704616, 5.770407969043347, 133.1526970886585, 129.4459550350548, 165.1583938193247], [4.553428981811029, 7.285383370684141, 5.770407969043347, 2.7323171826358084, 37.33119696115862, 36.431149387996655, 42.44775353889934], [105.10896815734189, 167.67142054347156, 133.1526970886585, 37.33119696115862, 899.6800000000164, 841.1616391357918, 976.9300000000005], [102.33764746156614, 164.40570494915468, 129.4459550350548, 36.431149387996655, 841.1616391357918, 960.0775151567265, 961.2040970438709], [131.8149309972663, 198.31997779127852, 165.1583938193247, 42.44775353889934, 976.9300000000005, 961.2040970438709, 1346.5458500000027]], "Criteria": [[15.090488141026498, 21.04601233731782, 17.688890478206556, 4.593864333468246, 106.80163271258111, 102.82026985235719, 135.3376828185788], [21.04601233731782, 34.32123980893347, 26.511412257557215, 7.3018569351320375, 169.25258820524323, 164.02973404749966, 202.2052558088729], [17.688890478206556, 26.511412257557215, 23.401930063645903, 5.82188323930217, 135.153005429715, 129.89078251057802, 169.5124506900896], [4.593864333468246, 7.3018569351320375, 5.82188323930217, 2.743457517902796, 37.92290800128628, 36.47648045734793, 43.46722022583478], [106.80163271258111, 169.25258820524323, 135.153005429715, 37.92290800128628, 916.0000000000146, 844.4160941853669, 1010.1239999999985], [102.82026985235719, 164.02973404749966, 129.89078251057802, 36.47648045734793, 844.4160941853669, 951.7055088994956, 983.1225813782241], [135.3376828185788, 202.2052558088729, 169.5124506900896, 43.46722022583478, 1010.1239999999985, 983.1225813782241, 1395.0583249999977]], "Alt": [[14.584002304392001, 20.591537994076205, 17.110713612028192, 4.493372358775271, 103.43601101864752, 101.97965287623693, 129.1518329407774], [20.591537994076205, 33.998266111454434, 26.02764226136032, 7.223713346137335, 165.9789388818775, 164.9898851117306, 195.45046621359242], [17.110713612028192, 26.02764226136032, 22.736876879123514, 5.7146109805848235, 131.40815046688394, 129.35852147724646, 162.24658792404585], [4.493372358775271, 7.223713346137335, 5.7146109805848235, 2.72937951149574, 37.169255821352614, 36.805015080033485, 41.896016847087665], [103.43601101864752, 165.9789388818775, 131.40815046688394, 37.169255821352614, 889.7200000000144, 843.8883643578042, 964.2199999999971], [101.97965287623693, 164.9898851117306, 129.35852147724646, 36.805015080033485, 843.8883643578042, 967.6869053171956, 964.8497356393026], [129.1518329407774, 195.45046621359242, 162.24658792404585, 41.896016847087665, 964.2199999999971, 964.8497356393026, 1327.796625000001]]}, "b": {"Self": [-1.6295361460739815, -2.7076010179167818, -2.0658522466108646, -0.5998354780789407, -13.788920382553144, -13.58198547254096, -15.141881149921575], "Criteria": [-1.9380289486172912, -3.077297753212184, -2.4455626231534136, -0.6808351072634159, -15.771133657006494, -15.324339001146434, -18.46021415380765], "Alt": [-1.8890547599084937, -3.0358897494068215, -2.3915743017640483, -0.6709923652751373, -15.41376013924185, -15.377118600730883, -17.75185246702144]}}