{"d": 7, "alpha": 0.6, "topics": ["Self", "Criteria", "Alt"], "softmax_temp": 0.7, "A": {"Self": [[9.693545736186929, 13.296933875895592, 10.74857115680596, 2.8755927093610723, 66.85373075543473, 65.67303845723413, 79.9959126882562], [13.296933875895592, 22.644062622519535, 16.529181565653495, 4.694273890940272, 108.57452881942807, 107.04377142252832, 121.90965894847646], [10.74857115680596, 16.529181565653495, 14.391577808030732, 3.5636165138264166, 83.07200877093678, 81.9835535132547, 99.0980560881347], [2.8755927093610723, 4.694273890940272, 3.5636165138264166, 2.1498618032166346, 23.89665193270797, 23.482913103310032, 26.12979165464531], [66.85373075543473, 108.57452881942807, 83.07200877093678, 23.89665193270797, 577.0400000000105, 546.7231538343324, 601.9529999999986], [65.67303845723413, 107.04377142252832, 81.9835535132547, 23.482913103310032, 546.7231538343324, 624.3198292730987, 595.6652783385948], [79.9959126882562, 121.90965894847646, 99.0980560881347, 26.12979165464531, 601.9529999999986, 595.6652783385948, 812.9790999999993]], "Criteria": [[9.449680390050919, 12.83048949412082, 10.406731657733948, 2.8152393340279973, 65.07500220207301, 64.47125452268388, 78.84297424070233], [12.83048949412082, 21.700766880625913, 15.8953867369706, 4.559413504169483, 104.60539052924761, 104.37705823903302, 119.31431063403514], [10.406731657733948, 15.8953867369706, 13.923916639199552, 3.4769619817215665, 80.53524707133468, 80.18486444966736, 97.32155062897742], [2.8152393340279973, 4.559413504169483, 3.4769619817215665, 2.131136994210023, 23.41215571019344, 23.301032922985897, 25.879860817832224], [65.07500220207301, 104.60539052924761, 80.53524707133468, 23.41215571019344, 560.3600000000157, 533.8830982146462, 593.7719999999991], [64.47125452268388, 104.37705823903302, 80.18486444966736, 23.301032922985897, 533.8830982146462, 615.3014321340478, 599.0930475917455], [78.84297424070233, 119.31431063403514, 97.32155062897742, 25.879860817832224, 593.7719999999991, 599.0930475917455, 811.6228750000028]], "Alt": [[9.79599567363725, 13.465543579753362, 10.870396479490232, 2.916389316792252, 67.09680942622488, 65.63458380985047, 81.8457385612502], [13.465543579753362, 22.97310969669372, 16.74470393415589, 4.782524770636779, 109.23126736750093, 106.69198416549759, 125.07892225077573], [10.870396479490232, 16.74470393415589, 14.534959394729508, 3.619172112028067, 83.42132092421137, 81.8204717978203, 101.3186208041806], [2.916389316792252, 4.782524770636779, 3.619172112028067, 2.17514255859404, 24.19715864843857, 23.547150096376427, 26.786436602058192], [67.09680942622488, 109.23126736750093, 83.42132092421137, 24.19715864843857, 577.0400000000109, 539.5644949216934, 611.6049999999993], [65.63458380985047, 106.69198416549759, 81.8204717978203, 23.547150096376427, 539.5644949216934, 613.121303795469, 604.021017684085], [81.8457385612502, 125.07892225077573, 101.3186208041806, 26.786436602058192, 611.6049999999993, 604.021017684085, 837.0660500000005]]}, "b": {"Self": [-1.053237149990276, -1.7816512870417054, -1.3149141410196583, -0.3919441398847391, -9.074079683693158, -8.983519465630195, -9.407939825575212], "Criteria": [-1.1942939453961434, -1.9308334126702442, -1.4813740513471232, -0.42989494463266537, -9.835205057340204, -9.86756137797373, -10.978540442132712], "Alt": [-1.2436205166842964, -2.0314239045828844, -1.5474203884038071, -0.44706141069145977, -10.185222422292833, -10.008448985467274, -11.408010217562772]}}