{"d": 7, "alpha": 0.6, "topics": ["Self", "Criteria", "Alt"], "softmax_temp": 0.7, "A": {"Self": [[1.2633308719271097, 0.28362221451170067, 0.31839709889976237, 0.05611666314460196, 1.355363492641114, 1.2538200449503611, 2.5076400899007223], [0.28362221451170067, 1.3084779954227799, 0.3429780919908506, 0.06022620037001024, 1.472560556295676, 1.357785694314336, 2.715571388628672], [0.31839709889976237, 0.3429780919908506, 1.3873837517103305, 0.06809415706741201, 1.650386511645224, 1.516246958244913, 3.032493916489826], [0.05611666314460196, 0.06022620037001024, 0.06809415706741201, 1.0125349320997938, 0.2943450894872992, 0.26719589009355194, 0.5343917801871039], [1.355363492641114, 1.472560556295676, 1.650386511645224, 0.2943450894872992, 8.4, 6.5, 13.0], [1.2538200449503611, 1.357785694314336, 1.516246958244913, 0.26719589009355194, 6.5, 7.0, 12.0], [2.5076400899007223, 2.715571388628672, 3.032493916489826, 0.5343917801871039, 13.0, 12.0, 25.0]], "Criteria": [[1.3373930959857914, 0.363521948694965, 0.418915441114393, 0.0793542579138814, 1.795651906270078, 1.5865482814455614, 3.1730965628911227], [0.363521948694965, 1.3969897783677683, 0.4511356319361689, 0.08604441213214983, 1.9490717365036987, 1.7205529437369649, 3.4411058874739298], [0.418915441114393, 0.4511356319361689, 1.523469163035001, 0.09838487313541339, 2.23460888096652, 1.9688184498000596, 3.937636899600119], [0.0793542579138814, 0.08604441213214983, 0.09838487313541339, 1.0205995675023711, 0.42944821031322905, 0.37637762537351876, 0.7527552507470375], [1.795651906270078, 1.9490717365036987, 2.23460888096652, 0.42944821031322905, 10.96, 8.499999999999998, 16.999999999999996], [1.5865482814455614, 1.7205529437369649, 1.9688184498000596, 0.37637762537351876, 8.499999999999998, 8.5, 15.0], [3.1730965628911227, 3.4411058874739298, 3.937636899600119, 0.7527552507470375, 16.999999999999996, 15.0, 31.0]], "Alt": [[1.3132159084491608, 0.3287950346308871, 0.37672619302624083, 0.060533142647194955, 1.4513458607109835, 1.4233208242997688, 2.8466416485995376], [0.3287950346308871, 1.3488701480103378, 0.39563225341822805, 0.06394732451615982, 1.5162970731871652, 1.5009658328886084, 3.001931665777217], [0.37672619302624083, 0.39563225341822805, 1.4554161585138454, 0.07339215679346522, 1.7530748898944846, 1.7146217384307627, 3.4292434768615254], [0.060533142647194955, 0.06394732451615982, 0.07339215679346522, 1.0126259235556085, 0.28440500135688584, 0.2765947825197168, 0.5531895650394336], [1.4513458607109835, 1.5162970731871652, 1.7530748898944846, 0.28440500135688584, 8.280000000000003, 6.599999999999998, 13.199999999999996], [1.4233208242997688, 1.5009658328886084, 1.7146217384307627, 0.2765947825197168, 6.599999999999998, 7.5, 13.0], [2.8466416485995376, 3.001931665777217, 3.4292434768615254, 0.5531895650394336, 13.199999999999996, 13.0, 27.0]]}, "b": {"Self": [2.604167770415593, 2.8206125916116744, 3.1493216157309996, 0.555034846522398, 13.505080836156212, 12.459547600357977, 24.919095200715955], "Criteria": [3.1409193447692108, 3.406153400639753, 3.8976481618690455, 0.7451404371058815, 16.827121083918733, 14.84771296820798, 29.69542593641596], "Alt": [2.8180959251916535, 2.9718137249306498, 3.394845408749107, 0.5476579873514719, 13.067771621223613, 12.869629206955693, 25.739258413911386]}}