{"d": 7, "alpha": 0.8, "topics": ["Self", "Criteria", "Alt"], "softmax_temp": 0.5, "A": {"Self": [[1.7124001410896643, 0.8693961456380811, 0.9354219204330507, 0.29772223611887216, 2.9943960348518193, 2.923060180740177, 3.7871779536556653], [0.8693961456380811, 2.1189996294965496, 1.1499652112008576, 0.3693000606761244, 3.9329477678812244, 3.642439951251759, 4.708352628981872], [0.9354219204330507, 1.1499652112008576, 2.2322993606572212, 0.38589321477818195, 3.949241703704461, 3.836760197539791, 4.988825965257695], [0.29772223611887216, 0.3693000606761244, 0.38589321477818195, 1.139298075925408, 1.3443717664684816, 1.2508726007618922, 1.6001139753085765], [2.9943960348518193, 3.9329477678812244, 3.949241703704461, 1.3443717664684816, 15.25, 12.712516674241291, 16.439999999999998], [2.923060180740177, 3.642439951251759, 3.836760197539791, 1.2508726007618922, 12.712516674241291, 14.378208331978948, 16.69689179975936], [3.7871779536556653, 4.708352628981872, 4.988825965257695, 1.6001139753085765, 16.439999999999998, 16.69689179975936, 27.161599999999996]], "Criteria": [[1.5868776831525615, 0.69644960071724, 0.7680920881467234, 0.2502633347564758, 2.4423286317802386, 2.4867699181302028, 3.020297464629965], [0.69644960071724, 1.872428324823084, 0.9175740169993168, 0.30263848629819545, 3.1188347424757206, 2.9872351957067336, 3.748149174662314], [0.7680920881467234, 0.9175740169993168, 2.008102955099211, 0.32388864695446323, 3.208286359182502, 3.2620447040025695, 3.981531174562921], [0.2502633347564758, 0.30263848629819545, 0.32388864695446323, 1.1191910770847802, 1.1268588474304368, 1.0601723415176272, 1.3113918238659348], [2.4423286317802386, 3.1188347424757206, 3.208286359182502, 1.1268588474304368, 12.5625, 10.510015525834328, 13.485000000000003], [2.4867699181302028, 2.9872351957067336, 3.2620447040025695, 1.0601723415176272, 10.510015525834328, 12.52329750541408, 13.861782081509133], [3.020297464629965, 3.748149174662314, 3.981531174562921, 1.3113918238659348, 13.485000000000003, 13.861782081509133, 21.487199999999998]], "Alt": [[1.6693136510542286, 0.8719808698065159, 0.891130027098602, 0.27598711567801204, 3.0398114489032277, 2.8729826871169246, 3.3494528012263394], [0.8719808698065159, 2.187424459789758, 1.17108917091966, 0.3586475408944784, 4.180440046952113, 3.724679081670059, 4.316460105705757], [0.891130027098602, 1.17108917091966, 2.1915577337475884, 0.360904142681658, 4.066408934892544, 3.8106985202197956, 4.425491266184215], [0.27598711567801204, 0.3586475408944784, 0.360904142681658, 1.1286227991318294, 1.3139443167721558, 1.2140036791188387, 1.4323361264063004], [3.0398114489032277, 4.180440046952113, 4.066408934892544, 1.3139443167721558, 16.0625, 13.11225066258951, 15.200000000000001], [2.8729826871169246, 3.724679081670059, 3.8106985202197956, 1.2140036791188387, 13.11225066258951, 14.2953527574537, 15.008325821630521], [3.3494528012263394, 4.316460105705757, 4.425491266184215, 1.4323361264063004, 15.200000000000001, 15.008325821630521, 24.0312]]}, "b": {"Self": [-0.07128804306350386, -0.08859810853972325, -0.09366731682595962, -0.030464189605437217, -0.31000000000000016, -0.29499081076880773, -0.3823999999999999], "Criteria": [-0.05853667664710206, -0.0708249750542985, -0.07664583752273996, -0.025577418083266162, -0.2525000000000001, -0.24894011048824402, -0.30600000000000005], "Alt": [-0.06820630851626841, -0.09006925050740636, -0.09087179248656657, -0.028603776614887062, -0.31750000000000017, -0.29349771383601486, -0.3416]}}