{"d": 7, "alpha": 0.8, "topics": ["Self", "Criteria", "Alt"], "softmax_temp": 0.5, "A": {"Self": [[1.006804692758608, 0.009404238074236838, 0.010253944645617291, 0.002996794412284459, 0.054993707755657525, 0.04124528081674314, 0.08249056163348628], [0.009404238074236838, 1.0129968680283248, 0.014171181575456963, 0.004141637119032966, 0.0760025380521374, 0.05700190353910304, 0.11400380707820608], [0.010253944645617291, 0.014171181575456963, 1.0154515985548909, 0.004515848857244527, 0.08286963940736704, 0.062152229555525275, 0.12430445911105055], [0.002996794412284459, 0.004141637119032966, 0.004515848857244527, 1.0013197916596805, 0.02421929129782963, 0.01816446847337222, 0.03632893694674444], [0.054993707755657525, 0.0760025380521374, 0.08286963940736704, 0.02421929129782963, 1.4444444444444446, 0.33333333333333337, 0.6666666666666667], [0.04124528081674314, 0.05700190353910304, 0.062152229555525275, 0.01816446847337222, 0.33333333333333337, 1.25, 0.5], [0.08249056163348628, 0.11400380707820608, 0.12430445911105055, 0.03632893694674444, 0.6666666666666667, 0.5, 2.0]], "Criteria": [[1.0, 0.0, 0.0, 0.0, 0.0, 0.0, 0.0], [0.0, 1.0, 0.0, 0.0, 0.0, 0.0, 0.0], [0.0, 0.0, 1.0, 0.0, 0.0, 0.0, 0.0], [0.0, 0.0, 0.0, 1.0, 0.0, 0.0, 0.0], [0.0, 0.0, 0.0, 0.0, 1.0, 0.0, 0.0], [0.0, 0.0, 0.0, 0.0, 0.0, 1.0, 0.0], [0.0, 0.0, 0.0, 0.0, 0.0, 0.0, 1.0]], "Alt": [[1.0093035396476173, 0.00852413727040866, 0.01652323385597191, 0.0027501076037852352, 0.0, 0.048227429040996285, 0.09645485808199257], [0.00852413727040866, 1.007810029188555, 0.015139002882138482, 0.0025197178290161464, 0.0, 0.044187184761407344, 0.08837436952281469], [0.01652323385597191, 0.015139002882138482, 1.029345525187186, 0.004884234687823092, 0.0, 0.08565267828151353, 0.17130535656302706], [0.0027501076037852352, 0.0025197178290161464, 0.004884234687823092, 1.000812926275252, 0.0, 0.014255931004778807, 0.028511862009557614], [0.0, 0.0, 0.0, 0.0, 1.0, 0.0, 0.0], [0.048227429040996285, 0.044187184761407344, 0.08565267828151353, 0.014255931004778807, 0.0, 1.25, 0.5], [0.09645485808199257, 0.08837436952281469, 0.17130535656302706, 0.028511862009557614, 0.0, 0.5, 2.0]]}, "b": {"Self": [0.08292558324355852, 0.11460501670422217, 0.12495999017873692, 0.03652052095744622, 0.6701823950236075, 0.5026367962677056, 1.0052735925354113], "Criteria": [0.0, 0.0, 0.0, 0.0, 0.0, 0.0, 0.0], "Alt": [0.0954703589569916, 0.08747234663669148, 0.1695568705147565, 0.028220846048736887, 0.0, 0.49489658092615674, 0.9897931618523135]}}