{"d": 7, "alpha": 0.6, "topics": ["Self", "Criteria", "Alt"], "softmax_temp": 0.7, "A": {"Self": [[1.2758473806634425, 0.2951032782017022, 0.33545883552952194, 0.05876816162461954, 1.4221439865937382, 1.3159246368816364, 2.6178652164377487], [0.2951032782017022, 1.3192419344532795, 0.3588072530914905, 0.06279223371815941, 1.5348654557750554, 1.416446622940366, 2.818289524584324], [0.33545883552952194, 0.3588072530914905, 1.4103952996349287, 0.07162375736615047, 1.7415958419377966, 1.600381477069141, 3.183155009714044], [0.05876816162461954, 0.06279223371815941, 0.07162375736615047, 1.0130818041929062, 0.3087880101884227, 0.28043369149863345, 0.5582629756632855], [1.4221439865937382, 1.5348654557750554, 1.7415958419377966, 0.3087880101884227, 8.760000000000002, 6.835999999999999, 13.594], [1.3159246368816364, 1.416446622940366, 1.600381477069141, 0.28043369149863345, 6.835999999999999, 7.3118, 12.5547], [2.6178652164377487, 2.818289524584324, 3.183155009714044, 0.5582629756632855, 13.594, 12.5547, 25.98005]], "Criteria": [[1.362341087085681, 0.38923596533028015, 0.4468703039757261, 0.08294586093026711, 1.9297681923553451, 1.7072874995966347, 3.39621192979413], [0.38923596533028015, 1.423431224692967, 0.47983357381228925, 0.08946608080760196, 2.0863635892868286, 1.8445207362663727, 3.6692995223558325], [0.4468703039757261, 0.47983357381228925, 1.5547777496006359, 0.10213506395128656, 2.38453800011274, 2.105055478049226, 4.186849380029067], [0.08294586093026711, 0.08946608080760196, 0.10213506395128656, 1.0206564665306634, 0.4481196905558129, 0.39356760844744637, 0.7826845396071457], [1.9297681923553451, 2.0863635892868286, 2.38453800011274, 0.4481196905558129, 11.68, 9.154, 18.197], [1.7072874995966347, 1.8445207362663727, 2.105055478049226, 0.39356760844744637, 9.154, 9.0981, 16.087049999999998], [3.39621192979413, 3.6692995223558325, 4.186849380029067, 0.7826845396071457, 18.197, 16.087049999999998, 32.990025]], "Alt": [[1.31092139866347, 0.3269053246478455, 0.37375505265280506, 0.06005853060497578, 1.4448060398250864, 1.4178709735615214, 2.8357419471230427], [0.3269053246478455, 1.347496256262385, 0.3930727550202662, 0.0635415399893375, 1.5127550671043952, 1.4980141611529671, 2.9960283223059343], [0.37375505265280506, 0.3930727550202662, 1.451638266369188, 0.07278677905603982, 1.7434690752237274, 1.7066168928717982, 3.4132337857435964], [0.06005853060497578, 0.0635415399893375, 0.07278677905603982, 1.012528969160922, 0.28290160913748297, 0.2753419556702144, 0.5506839113404288], [1.4448060398250864, 1.5127550671043952, 1.7434690752237274, 0.28290160913748297, 8.280000000000003, 6.599999999999999, 13.199999999999998], [1.4178709735615214, 1.4980141611529671, 1.7066168928717982, 0.2753419556702144, 6.599999999999999, 7.5, 13.0], [2.8357419471230427, 2.9960283223059343, 3.4132337857435964, 0.5506839113404288, 13.199999999999998, 13.0, 27.0]]}, "b": {"Self": [2.4988215043896758, 2.6980826538703164, 3.0287940397210154, 0.5387191734681033, 12.897889439599767, 11.95831441862756, 23.912664785771852], "Criteria": [3.20030468356449, 3.4597784613444444, 3.940121622139376, 0.7379928212442248, 17.056075198516535, 15.037448032040702, 30.07684827403949], "Alt": [2.807427813101001, 2.966075690286325, 3.379156875606454, 0.5451999199347901, 13.068358644508603, 12.870178380196863, 25.740356760393727]}}