{"d": 7, "alpha": 0.6, "topics": ["Self", "Criteria", "Alt"], "softmax_temp": 0.7, "A": {"Self": [[8.602106904867366, 9.929924168232489, 9.532504405023607, 2.008489328265537, 48.66904922873317, 30.654244534585118, 78.91711138325611], [9.929924168232489, 14.586501218348184, 12.535987878268715, 2.7308835417738995, 66.49677671230573, 41.722047597258445, 105.57852521793306], [9.532504405023607, 12.535987878268715, 13.0713345253075, 2.5415120049396265, 61.5765169659732, 38.73311097705522, 99.32566353298836], [2.008489328265537, 2.7308835417738995, 2.5415120049396265, 1.6169507474546927, 13.476306655248644, 8.35820388057587, 21.433193619867954], [48.66904922873317, 66.49677671230573, 61.5765169659732, 13.476306655248644, 342.44000000000693, 203.8755376828132, 516.4349999999995], [30.654244534585118, 41.722047597258445, 38.73311097705522, 8.35820388057587, 203.8755376828132, 148.50499022997104, 326.89679057358984], [78.91711138325611, 105.57852521793306, 99.32566353298836, 21.433193619867954, 516.4349999999995, 326.89679057358984, 837.7005500000007]], "Criteria": [[9.079972810061296, 10.428556517251682, 10.171054090560514, 2.1073709535686085, 51.19092721727001, 31.77537698645749, 83.08621544235474], [10.428556517251682, 15.056036264561445, 13.191671156857314, 2.812809446768332, 68.85268323600948, 42.45018616422397, 109.73715320230721], [10.171054090560514, 13.191671156857314, 13.917037349516706, 2.6691626343978103, 64.97597500531653, 40.1317004848918, 104.84380172035563], [2.1073709535686085, 2.812809446768332, 2.6691626343978103, 1.6324430097819318, 13.903428491402865, 8.506331094679018, 22.207185768281022], [51.19092721727001, 68.85268323600948, 64.97597500531653, 13.903428491402865, 355.44000000000756, 208.53466784496555, 538.1679999999991], [31.77537698645749, 42.45018616422397, 40.1317004848918, 8.506331094679018, 208.53466784496555, 148.457837478862, 335.25102188442224], [83.08621544235474, 109.73715320230721, 104.84380172035563, 22.207185768281022, 538.1679999999991, 335.25102188442224, 872.3389250000023]], "Alt": [[8.681065346234227, 9.923206664619295, 9.609002250516992, 2.0031880279673837, 48.526511602325066, 30.047518231023684, 79.13732564112411], [9.923206664619295, 14.432077511038184, 12.479090883749002, 2.6907633056142966, 65.55769418992288, 40.48800636069103, 104.79580376008803], [9.609002250516992, 12.479090883749002, 13.123645416114426, 2.5200038776740747, 61.16480154449835, 37.75897044083234, 99.25426960949441], [2.0031880279673837, 2.6907633056142966, 2.5200038776740747, 1.6066635629997434, 13.258453869615204, 8.095508590434077, 21.207544414207057], [48.526511602325066, 65.55769418992288, 61.16480154449835, 13.258453869615204, 335.88000000000716, 197.8844136992755, 511.4589999999998], [30.047518231023684, 40.48800636069103, 37.75897044083234, 8.095508590434077, 197.8844136992755, 142.1303308850126, 318.2798916001889], [79.13732564112411, 104.79580376008803, 99.25426960949441, 21.207544414207057, 511.4589999999998, 318.2798916001889, 834.2292500000007]]}, "b": {"Self": [-0.6543966317476257, -0.9302542294934852, -0.8346730477221174, -0.1887879886088049, -4.598982631925674, -2.8304067493083878, -7.1223642956748305], "Criteria": [-0.9202929950680463, -1.2376834001283346, -1.1659593298565833, -0.2503022066322694, -6.093886825005581, -3.7499621130958283, -9.700065215068541], "Alt": [-0.8741786275140225, -1.1811578973080268, -1.100270406695039, -0.23861039526445907, -5.791041066091423, -3.571434635831878, -9.244816069170872]}}