{"d": 7, "alpha": 0.6, "topics": ["Self", "Criteria", "Alt"], "softmax_temp": 0.7, "A": {"Self": [[14.419721157430327, 20.015318049542287, 16.882117499772143, 4.165477940274691, 100.47390990856901, 99.82238813883447, 126.27411220536123], [20.015318049542287, 32.64153128646708, 25.233958546938233, 6.579555289150964, 158.69789809331772, 159.8769808392993, 188.47535224212436], [16.882117499772143, 25.233958546938233, 22.476866230756013, 5.2881029841553335, 127.6063185941575, 126.69719130526782, 158.42523933401665], [4.165477940274691, 6.579555289150964, 5.2881029841553335, 2.4983890429373634, 33.85776559611515, 33.859972629061275, 38.78382337102553], [100.47390990856901, 158.69789809331772, 127.6063185941575, 33.85776559611515, 844.6800000000189, 816.7648208653696, 936.3180000000002], [99.82238813883447, 159.8769808392993, 126.69719130526782, 33.859972629061275, 816.7648208653696, 950.5778647276866, 928.9611790943703], [126.27411220536123, 188.47535224212436, 158.42523933401665, 38.78382337102553, 936.3180000000002, 928.9611790943703, 1283.3313750000043]], "Criteria": [[14.481385414487983, 19.846747521868632, 16.987938847637885, 4.151230172920188, 100.26796102817904, 98.47170303518799, 128.49977230725094], [19.846747521868632, 31.90994870442074, 25.06966777818536, 6.454110205106839, 156.1292056173479, 154.71200734406344, 189.0312292323887], [16.987938847637885, 25.06966777818536, 22.64956697411261, 5.281020175170113, 127.49668215148621, 125.07899633527428, 161.51708861309564], [4.151230172920188, 6.454110205106839, 5.281020175170113, 2.476093303341431, 33.46046112617379, 32.757380369067704, 39.10636625613039], [100.26796102817904, 156.1292056173479, 127.49668215148621, 33.46046112617379, 835.3200000000168, 791.4764775092938, 945.3689999999999], [98.47170303518799, 154.71200734406344, 125.07899633527428, 32.757380369067704, 791.4764775092938, 912.6808542748724, 927.4744049792822], [128.49977230725094, 189.0312292323887, 161.51708861309564, 39.10636625613039, 945.3689999999999, 927.4744049792822, 1315.4945749999995]], "Alt": [[13.938799962384705, 19.418516965942082, 16.30731377099062, 4.055255250032261, 97.26764125500085, 96.80575222533325, 122.63013930743702], [19.418516965942082, 31.800753829381964, 24.52972507266078, 6.42621178254683, 154.24089602404177, 155.45222563524644, 184.10900867002195], [16.30731377099062, 24.52972507266078, 21.787086483867075, 5.158614084658857, 123.74665296194466, 123.07624943894785, 154.20960639668826], [4.055255250032261, 6.42621178254683, 5.158614084658857, 2.468677234771123, 33.043004587777936, 32.86841264458247, 37.89578172144606], [97.26764125500085, 154.24089602404177, 123.74665296194466, 33.043004587777936, 819.6400000000193, 790.6629875568194, 912.6219999999967], [96.80575222533325, 155.45222563524644, 123.07624943894785, 32.86841264458247, 790.6629875568194, 925.8488040667806, 908.8689773850787], [122.63013930743702, 184.10900867002195, 154.20960639668826, 37.89578172144606, 912.6219999999967, 908.8689773850787, 1257.3108750000015]]}, "b": {"Self": [-1.5623356601154188, -2.569898177711068, -1.9819684832011495, -0.5422143976402058, -13.113787905756546, -13.330350577992407, -14.37500886485869], "Criteria": [-1.8410746395073936, -2.87535193504547, -2.330540501548299, -0.6052255920573903, -14.650663548820265, -14.607602613637026, -17.327232713814627], "Alt": [-1.792603876498186, -2.8518205857956747, -2.2693334042171642, -0.6000951520784553, -14.421208798919558, -14.606084565690663, -16.76411352859729]}}