{"d": 7, "alpha": 0.6, "topics": ["Self", "Criteria", "Alt"], "softmax_temp": 0.7, "A": {"Self": [[10.052445066815569, 12.18896668663106, 11.464093632674157, 2.5985848427549154, 59.71441958659542, 37.4213857908254, 93.3407534190137], [12.18896668663106, 18.22982455028753, 15.557058730768754, 3.7094762437423956, 84.28394302176459, 52.691508821464396, 128.09167052194033], [11.464093632674157, 15.557058730768754, 15.66902621196318, 3.3340872752750865, 76.37769768043889, 47.68804655336485, 118.63252755811163], [2.5985848427549154, 3.7094762437423956, 3.3340872752750865, 1.8825660843321605, 18.435178415106225, 11.360844221041743, 27.317886732329825], [59.71441958659542, 84.28394302176459, 76.37769768043889, 18.435178415106225, 435.0400000000112, 258.3243398156393, 625.012], [37.4213857908254, 52.691508821464396, 47.68804655336485, 11.360844221041743, 258.3243398156393, 187.3323035257002, 394.0478269205312], [93.3407534190137, 128.09167052194033, 118.63252755811163, 27.317886732329825, 625.012, 394.0478269205312, 987.5575750000003]], "Criteria": [[10.43721406631137, 12.537179439420385, 11.966473882276155, 2.6489202567029375, 61.865487157284846, 37.75255686998767, 96.68233078563073], [12.537179439420385, 18.43300933285048, 15.995548553229856, 3.705930510466969, 85.93668643053806, 51.974006862789984, 130.8949193992571], [11.966473882276155, 15.995548553229856, 16.32373407255431, 3.3960606786521326, 79.21399084935089, 47.99375966474629, 122.9518779384703], [2.6489202567029375, 3.705930510466969, 3.3960606786521326, 1.8721683904192608, 18.538362617116448, 11.07744515646192, 27.687306495174223], [61.865487157284846, 85.93668643053806, 79.21399084935089, 18.538362617116448, 446.8800000000113, 257.1578367780081, 644.3989999999989], [37.75255686998767, 51.974006862789984, 47.99375966474629, 11.07744515646192, 257.1578367780081, 180.12244989333396, 394.903837555346], [96.68233078563073, 130.8949193992571, 122.9518779384703, 27.687306495174223, 644.3989999999989, 394.903837555346, 1013.8783000000021]], "Alt": [[10.257330968665334, 12.385618502041028, 11.712638495287141, 2.6364063877890276, 61.32293218169841, 37.43967548960246, 95.00064186011232], [12.385618502041028, 18.40904654293936, 15.770860853018464, 3.7381039001451217, 86.01964939561275, 52.343501502553494, 129.63702060970735], [11.712638495287141, 15.770860853018464, 15.965815806917481, 3.376299275251235, 78.21910143145918, 47.502950434819574, 120.5648131313708], [2.6364063877890276, 3.7381039001451217, 3.376299275251235, 1.8874397789449548, 18.76370800139363, 11.257740702559191, 27.60329143068497], [61.32293218169841, 86.01964939561275, 78.21910143145918, 18.76370800139363, 446.04000000001156, 258.9270238965191, 639.1539999999997], [37.43967548960246, 52.343501502553494, 47.502950434819574, 11.257740702559191, 258.9270238965191, 183.23160394735214, 392.98408148343714], [95.00064186011232, 129.63702060970735, 120.5648131313708, 27.60329143068497, 639.1539999999997, 392.98408148343714, 1000.3702500000009]]}, "b": {"Self": [-0.8216525375262819, -1.208893647426352, -1.05831018874705, -0.26505614810113237, -5.976226910843658, -3.690856971256443, -8.78622470640365], "Criteria": [-1.1078794252395052, -1.5379683134411575, -1.4141488570335916, -0.3298288291349117, -7.6256396949385215, -4.610378029866273, -11.572420422878727], "Alt": [-1.093744928255199, -1.5345318706956212, -1.3932242862753281, -0.33201854025714717, -7.616258875903959, -4.6308894705381505, -11.446508227917672]}}