{"d": 7, "alpha": 0.8, "topics": ["Self", "Criteria", "Alt"], "softmax_temp": 0.5, "A": {"Self": [[1.2876521342903415, 0.7100920397180016, 0.3433424239175327, 0.20411345350342294, 3.833970743585983, 3.4637839609867687, 4.9453823652815565], [0.7100920397180016, 3.954298016448626, 0.8839950759536502, 0.921316576136189, 17.312378220397893, 15.66275469140997, 16.729999875583285], [0.3433424239175327, 0.8839950759536502, 1.4141381238232833, 0.26078883812687437, 4.784361928734734, 4.34443798857208, 6.056675157681032], [0.20411345350342294, 0.921316576136189, 0.26078883812687437, 1.3122635811963534, 5.533938201007414, 5.026544051352483, 4.901098626903556], [3.833970743585983, 17.312378220397893, 4.784361928734734, 5.533938201007414, 108.8799999999996, 95.09999999999982, 92.57100000000004], [3.4637839609867687, 15.66275469140997, 4.34443798857208, 5.026544051352483, 95.09999999999982, 86.75, 83.76749999999997], [4.9453823652815565, 16.729999875583285, 6.056675157681032, 4.901098626903556, 92.57100000000004, 83.76749999999997, 110.42762500000002]], "Criteria": [[1.3048135016265243, 0.7203851026080829, 0.36756973778353214, 0.20735154195882277, 4.004493162414196, 3.5229885267316505, 5.188329476828712], [0.7203851026080829, 3.7958576741411023, 0.8940189138028708, 0.8661065557836728, 16.92657339007426, 14.939966058208107, 16.311516682295867], [0.36756973778353214, 0.8940189138028708, 1.4470837433156925, 0.2634598088045648, 4.983916706784728, 4.398985952019736, 6.359744241525909], [0.20735154195882277, 0.8661065557836728, 0.2634598088045648, 1.292748541450069, 5.362180055400064, 4.755741837547492, 4.742582523112518], [4.004493162414196, 16.92657339007426, 4.983916706784728, 5.362180055400064, 108.99999999999967, 93.59999999999972, 93.26400000000007], [3.5229885267316505, 14.939966058208107, 4.398985952019736, 4.755741837547492, 93.59999999999972, 83.5, 82.17250000000001], [5.188329476828712, 16.311516682295867, 6.359744241525909, 4.742582523112518, 93.26400000000007, 82.17250000000001, 111.49877500000004]], "Alt": [[1.336757975129272, 0.7732189306242089, 0.39730632790018683, 0.22067525016195907, 4.216179715990285, 3.709195592438561, 5.573475719827798], [0.7732189306242089, 3.9383042021447654, 0.947081139073385, 0.8906740933892537, 17.034394266285343, 15.266979112427682, 17.27402822305376], [0.39730632790018683, 0.947081139073385, 1.473128864215211, 0.27630221127742044, 5.16230245806304, 4.571109421732059, 6.731824827518181], [0.22067525016195907, 0.8906740933892537, 0.27630221127742044, 1.2935632494230986, 5.271034984205233, 4.754262026601142, 4.965549505062573], [4.216179715990285, 17.034394266285343, 5.16230245806304, 5.271034984205233, 105.11999999999964, 91.29999999999981, 95.56500000000013], [3.709195592438561, 15.266979112427682, 4.571109421732059, 4.754262026601142, 91.29999999999981, 82.75, 85.31000000000002], [5.573475719827798, 17.27402822305376, 6.731824827518181, 4.965549505062573, 95.56500000000013, 85.31000000000002, 116.91109999999999]]}, "b": {"Self": [-0.0379005948534742, -0.2578734537802791, -0.05017525387639309, -0.08554210145817313, -1.619906988925951, -1.45930790721924, -1.2460098156299761], "Criteria": [-0.07045977053463301, -0.2987993211641619, -0.08797971904039459, -0.09511483675095043, -1.8720000000000014, -1.6499999999999868, -1.6434500000000007], "Alt": [-0.07418391184877124, -0.30533958224855345, -0.09142218843464114, -0.09508524053202322, -1.8260000000000014, -1.6349999999999871, -1.7061999999999993]}}