{"d": 7, "alpha": 0.6, "topics": ["Self", "Criteria", "Alt"], "softmax_temp": 0.7, "A": {"Self": [[1.4227182583679774, 0.3812433638190477, 0.4821382185126755, 0.044703211383355576, 2.3612423287840887, 1.8377660055513447, 3.6755320111026895], [0.3812433638190477, 1.3450420276817234, 0.4345813679838443, 0.040437018560966556, 2.136335147891579, 1.660303808384104, 3.320607616768208], [0.4821382185126755, 0.4345813679838443, 1.551128616891972, 0.05094858208224238, 2.693292219433306, 2.0964744466345904, 4.192948893269181], [0.044703211383355576, 0.040437018560966556, 0.05094858208224238, 1.0049299987125917, 0.250710911650648, 0.19460074573105057, 0.38920149146210115], [2.3612423287840887, 2.136335147891579, 2.693292219433306, 0.250710911650648, 14.387755102040815, 10.285714285714286, 20.571428571428573], [1.8377660055513447, 1.660303808384104, 2.0964744466345904, 0.19460074573105057, 10.285714285714286, 9.0, 16.0], [3.6755320111026895, 3.320607616768208, 4.192948893269181, 0.38920149146210115, 20.571428571428573, 16.0, 33.0]], "Criteria": [[1.2855505404215304, 0.2538015087382811, 0.3239387479289643, 0.033732861718045085, 1.5919533593323174, 1.252282839323317, 2.504565678646634], [0.2538015087382811, 1.2264266419964809, 0.28782192303207144, 0.030041864962721695, 1.4241052003400565, 1.1150481097449951, 2.2300962194899903], [0.3239387479289643, 0.28782192303207144, 1.3680105895454215, 0.038157622951287246, 1.8063327154770545, 1.4199240427528663, 2.8398480855057326], [0.033732861718045085, 0.030041864962721695, 0.038157622951287246, 1.0043989068560195, 0.18611518310190883, 0.14854707687959096, 0.2970941537591819], [1.5919533593323174, 1.4241052003400565, 1.8063327154770545, 0.18611518310190883, 10.142857142857146, 6.999999999999998, 13.999999999999996], [1.252282839323317, 1.1150481097449951, 1.4199240427528663, 0.14854707687959096, 6.999999999999998, 6.5, 11.0], [2.504565678646634, 2.2300962194899903, 2.8398480855057326, 0.2970941537591819, 13.999999999999996, 11.0, 23.0]], "Alt": [[1.3517718762723956, 0.30582230504667923, 0.4006047214521081, 0.03910280193688379, 1.9263187486251736, 1.511283200115206, 3.022566400230412], [0.30582230504667923, 1.266418997148333, 0.34838698894600967, 0.03393436326872396, 1.6797432350147985, 1.314993184954576, 2.629986369909152], [0.4006047214521081, 0.34838698894600967, 1.456945609113529, 0.04455607087202025, 2.1956554779856896, 1.7212126770730358, 3.4424253541460716], [0.03910280193688379, 0.03393436326872396, 0.04455607087202025, 1.0045439100011, 0.21615991568553186, 0.16797276287906163, 0.33594552575812325], [1.9263187486251736, 1.6797432350147985, 2.1956554779856896, 0.21615991568553186, 11.816326530612246, 8.285714285714283, 16.571428571428566], [1.511283200115206, 1.314993184954576, 1.7212126770730358, 0.16797276287906163, 8.285714285714283, 7.5, 13.0], [3.022566400230412, 2.629986369909152, 3.4424253541460716, 0.33594552575812325, 16.571428571428566, 13.0, 27.0]]}, "b": {"Self": [-0.00011077004729597893, -0.00015644197192482204, -0.00013307650860037756, -3.930198074311909e-05, -0.0009957644086851256, -0.0007259335282694471, -0.0014518670565388941], "Criteria": [-0.025045656786466333, -0.022300962194899902, -0.028398480855057327, -0.0029709415375918182, -0.14000000000000004, -0.11000000000000003, -0.22000000000000006], "Alt": [-0.030225664002304125, -0.026299863699091527, -0.03442425354146072, -0.003359455257581233, -0.1657142857142858, -0.13000000000000003, -0.26000000000000006]}}