{"d": 7, "alpha": 0.8, "topics": ["Self", "Criteria", "Alt"], "softmax_temp": 0.5, "A": {"Self": [[1.14563843506703, 0.23312049798475126, 0.266329016304595, 0.013616641526295924, 1.2663219472995995, 1.177408039653214, 2.091975122795091], [0.23312049798475126, 1.6241025153284092, 0.546278164516684, 0.039906888458607355, 2.7651799266418355, 3.294750416478315, 5.960710177757876], [0.266329016304595, 0.546278164516684, 1.5889287063428337, 0.03243445580660982, 2.787139881021394, 2.8187317089746515, 4.994547747485883], [0.013616641526295924, 0.039906888458607355, 0.03243445580660982, 1.0026486992036792, 0.16571629716988492, 0.2129519697759135, 0.38853757818594326], [1.2663219472995995, 2.7651799266418355, 2.787139881021394, 0.16571629716988492, 15.717600000000004, 14.25526750567676, 25.343700000000005], [1.177408039653214, 3.294750416478315, 2.8187317089746515, 0.2129519697759135, 14.25526750567676, 18.67614707356582, 31.713807745749055], [2.091975122795091, 5.960710177757876, 4.994547747485883, 0.38853757818594326, 25.343700000000005, 31.713807745749055, 58.633200000000016]], "Criteria": [[1.1729541004236101, 0.2838361690639687, 0.31714548958747363, 0.016669029051280267, 1.5962794348416982, 1.4235279753468468, 2.5612178956023093], [0.2838361690639687, 1.7864874599080671, 0.6891878623874269, 0.05071513751624867, 3.541651836367193, 4.176329309664648, 7.478352477707185], [0.31714548958747363, 0.6891878623874269, 1.7355229494159152, 0.0416771517940346, 3.5921957125711077, 3.5545673622596783, 6.331027549562199], [0.016669029051280267, 0.05071513751624867, 0.0416771517940346, 1.0033661503674502, 0.2153146488444467, 0.2714590958747572, 0.48877555229838626], [1.5962794348416982, 3.541651836367193, 3.5921957125711077, 0.2153146488444467, 20.4359, 18.412614137417734, 32.562750000000015], [1.4235279753468468, 4.176329309664648, 3.5545673622596783, 0.2714590958747572, 18.412614137417734, 23.494071408538044, 39.98737817088794], [2.5612178956023093, 7.478352477707185, 6.331027549562199, 0.48877555229838626, 32.562750000000015, 39.98737817088794, 72.72122500000002]], "Alt": [[1.110249370871644, 0.205616350523874, 0.2314674558065203, 0.012385797264880106, 1.1370354350892755, 1.0486255150376336, 1.8703348682401943], [0.205616350523874, 1.6258659266486055, 0.5387045882603426, 0.04129137155351779, 2.7920982162957317, 3.314740225428885, 6.0191127260340975], [0.2314674558065203, 0.5387045882603426, 1.581872547687124, 0.033040113671711314, 2.8294866132633696, 2.795791836901732, 4.948418350256803], [0.012385797264880106, 0.04129137155351779, 0.033040113671711314, 1.0028063273134773, 0.17204112235262228, 0.22072688921969602, 0.40385566507594767], [1.1370354350892755, 2.7920982162957317, 2.8294866132633696, 0.17204112235262228, 16.328499999999995, 14.515289413555715, 25.695449999999997], [1.0486255150376336, 3.314740225428885, 2.795791836901732, 0.22072688921969602, 14.515289413555715, 18.881913627457433, 32.106168805480635], [1.8703348682401943, 6.0191127260340975, 4.948418350256803, 0.40385566507594767, 25.695449999999997, 32.106168805480635, 59.55635000000003]]}, "b": {"Self": [-0.03838677537534296, -0.19246369057158264, -0.13746142706656858, -0.013939641399100162, -0.7179899958283076, -1.0995836936675873, -1.949720855648705], "Criteria": [-0.22841923989778176, -0.5095154758864139, -0.5006640926689594, -0.03139892308791351, -2.587581161154815, -2.6417785716835525, -4.706235027597803], "Alt": [-0.2244209678032556, -0.6641192652796236, -0.6512592059949934, -0.04244158259591813, -3.298653178625015, -3.56779653561298, -6.244495407450791]}}