{"d": 7, "alpha": 0.8, "topics": ["Self", "Criteria", "Alt"], "softmax_temp": 0.5, "A": {"Self": [[1.0594715530432521, 0.06325608485274771, 0.07250209951372313, 0.015383654517364221, 0.3057324350189683, 0.2717658261237502, 0.5435316522475004], [0.06325608485274771, 1.0673715084707778, 0.07718898689488907, 0.016473512063899125, 0.3258210660047862, 0.289316411085577, 0.578632822171154], [0.07250209951372313, 0.07718898689488907, 1.0888665160683018, 0.018663662448645528, 0.3731150659073036, 0.3319929746094496, 0.6639859492188992], [0.015383654517364221, 0.016473512063899125, 0.018663662448645528, 1.0046678638741722, 0.07857184305840799, 0.07198491016178302, 0.14396982032356603], [0.3057324350189683, 0.3258210660047862, 0.3731150659073036, 0.07857184305840799, 2.5999999999999996, 1.4000000000000001, 2.8000000000000003], [0.2717658261237502, 0.289316411085577, 0.3319929746094496, 0.07198491016178302, 1.4000000000000001, 2.25, 2.5], [0.5435316522475004, 0.578632822171154, 0.6639859492188992, 0.14396982032356603, 2.8000000000000003, 2.5, 6.0]], "Criteria": [[1.0202638395608024, 0.02509006407409116, 0.02775751183051436, 0.0039027295171452634, 0.12054878368501247, 0.11006944103595723, 0.2003806327362182], [0.02509006407409116, 1.0315502929798672, 0.03382216882954934, 0.004835323460142438, 0.15043701051188713, 0.1359558238190755, 0.25013992594245066], [0.02775751183051436, 0.03382216882954934, 1.0386383753562722, 0.005342502232946521, 0.16380103231772944, 0.15114438906258093, 0.2721881911518932], [0.0039027295171452634, 0.004835323460142438, 0.005342502232946521, 1.0007516687686417, 0.023224675809688136, 0.02119681500090486, 0.038605408655434034], [0.12054878368501247, 0.15043701051188713, 0.16380103231772944, 0.023224675809688136, 1.7199999999999998, 0.6539999999999999, 1.197], [0.11006944103595723, 0.1359558238190755, 0.15114438906258093, 0.02119681500090486, 0.6539999999999999, 1.5981, 1.08705], [0.2003806327362182, 0.25013992594245066, 0.2721881911518932, 0.038605408655434034, 1.197, 1.08705, 2.990025]], "Alt": [[1.0426140254511544, 0.04666008062172021, 0.053716095135815586, 0.0076338432895908335, 0.2474337963239509, 0.20619483026995908, 0.41238966053991816], [0.04666008062172021, 1.0511772169218938, 0.058824769860289214, 0.008377880526492989, 0.2713718670785249, 0.22614322256543745, 0.4522864451308749], [0.053716095135815586, 0.058824769860289214, 1.0688320771639654, 0.009608432616518866, 0.3109199905150417, 0.25909999209586815, 0.5181999841917363], [0.0076338432895908335, 0.008377880526492989, 0.009608432616518866, 1.0014681636081582, 0.044533269345397704, 0.03711105778783143, 0.07422211557566286], [0.2474337963239509, 0.2713718670785249, 0.3109199905150417, 0.044533269345397704, 2.4399999999999995, 1.2, 2.4], [0.20619483026995908, 0.22614322256543745, 0.25909999209586815, 0.03711105778783143, 1.2, 2.0, 2.0], [0.41238966053991816, 0.4522864451308749, 0.5181999841917363, 0.07422211557566286, 2.4, 2.0, 5.0]]}, "b": {"Self": [0.5634681526885712, 0.6000285842892041, 0.6882358412164556, 0.14933326457937593, 2.905848880588975, 2.591478275682964, 5.182956551365928], "Criteria": [0.09212112327515024, 0.13057088476966075, 0.10757354947589402, 0.01784720050666792, 0.588134474878648, 0.4891828723452494, 0.9802757464673925], "Alt": [0.38688976043883294, 0.42420813729504664, 0.48045846259721675, 0.06938199949188797, 2.2559015218600553, 1.8799179348833794, 3.759835869766759]}}