{"d": 7, "alpha": 0.6, "topics": ["Self", "Criteria", "Alt"], "softmax_temp": 0.7, "A": {"Self": [[9.909218975977481, 11.950166502434731, 11.155229094314926, 2.425827215528712, 59.079936505810544, 36.25470657074335, 91.72262497708724], [11.950166502434731, 17.73687184212818, 15.035678256979502, 3.3936669325627555, 82.84680883221314, 50.45560156350239, 125.13745261677487], [11.155229094314926, 15.035678256979502, 15.096891796929222, 3.0653248797916164, 74.41181035611625, 45.66320303469787, 115.08001857738141], [2.425827215528712, 3.3936669325627555, 3.0653248797916164, 1.760555883165926, 17.06014501041135, 10.199936344262705, 25.40075243505976], [59.079936505810544, 82.84680883221314, 74.41181035611625, 17.06014501041135, 432.28000000001066, 249.92652572948074, 619.3410000000003], [36.25470657074335, 50.45560156350239, 45.66320303469787, 10.199936344262705, 249.92652572948074, 175.05168330405542, 379.62634300684607], [91.72262497708724, 125.13745261677487, 115.08001857738141, 25.40075243505976, 619.3410000000003, 379.62634300684607, 961.4127000000001]], "Criteria": [[10.488810696122902, 12.631810645461293, 11.894340012625538, 2.5347004120048173, 62.86220107526407, 38.249453981676325, 97.23215595632529], [12.631810645461293, 18.502456453233282, 15.900408100305109, 3.4922402735358484, 87.21339709149504, 52.4579588607874, 131.5002853214783], [11.894340012625538, 15.900408100305109, 16.031414540417682, 3.200594726328591, 79.31710230560974, 48.11412922325039, 122.00317062167844], [2.5347004120048173, 3.4922402735358484, 3.200594726328591, 1.7769887143504406, 17.628774396585786, 10.528334231020551, 26.390881079003698], [62.86220107526407, 87.21339709149504, 79.31710230560974, 17.628774396585786, 457.48000000001184, 262.08696371486343, 655.0829999999992], [38.249453981676325, 52.4579588607874, 48.11412922325039, 10.528334231020551, 262.08696371486343, 182.17191030262194, 398.99214883685175], [97.23215595632529, 131.5002853214783, 122.00317062167844, 26.390881079003698, 655.0829999999992, 398.99214883685175, 1013.3246500000029]], "Alt": [[10.067246148362992, 12.09014005591373, 11.365264741762225, 2.426876302448527, 60.01407589876574, 36.28380957092969, 92.94031396589892], [12.09014005591373, 17.83318225172932, 15.210212261966333, 3.368403401150142, 83.59402134518315, 50.176336156123675, 126.12645146966751], [11.365264741762225, 15.210212261966333, 15.370224086607514, 3.0635668409822863, 75.60696959098132, 45.576223267502556, 116.61969923715716], [2.426876302448527, 3.368403401150142, 3.0635668409822863, 1.7495130866509214, 16.95340213654893, 10.104972900676005, 25.32489036501811], [60.01407589876574, 83.59402134518315, 75.60696959098132, 16.95340213654893, 435.4400000000116, 249.04131012679747, 625.695999999999], [36.28380957092969, 50.176336156123675, 45.576223267502556, 10.104972900676005, 249.04131012679747, 175.00296049066722, 379.5642637239645], [92.94031396589892, 126.12645146966751, 116.61969923715716, 25.32489036501811, 625.695999999999, 379.5642637239645, 970.7295250000009]]}, "b": {"Self": [-0.8038525916243955, -1.170550306078561, -1.0183192027793795, -0.23995176192283119, -5.855044721371463, -3.5206033589365613, -8.573971413135936], "Criteria": [-1.1166869447710226, -1.5462768994475018, -1.4069160284935753, -0.31060731742864167, -7.757681692859792, -4.656350739303863, -11.633900634326967], "Alt": [-1.0670798863858917, -1.4852626456854021, -1.3437523169726138, -0.29909787618207306, -7.420905650268901, -4.444082914286667, -11.13911051270411]}}