{"d": 7, "alpha": 0.6, "topics": ["Self", "Criteria", "Alt"], "softmax_temp": 0.7, "A": {"Self": [[6.010833806161438, 11.08476500859182, 6.296859489238321, 2.4738684476885915, 56.42759019794874, 52.6368200094978, 81.95914441357526], [11.08476500859182, 37.71150574277029, 14.224556866735831, 8.736050291708292, 196.32132245307693, 183.62772999240306, 239.55824845207007], [6.296859489238321, 14.224556866735831, 8.988272024371215, 3.195424027585063, 72.40651676093057, 67.76190441357164, 104.52797840881861], [2.4738684476885915, 8.736050291708292, 3.195424027585063, 3.412606083364545, 48.61472889324763, 44.65572701608385, 55.28288452209497], [56.42759019794874, 196.32132245307693, 72.40651676093057, 48.61472889324763, 1137.3600000000206, 1000.0999999999813, 1248.4830000000018], [52.6368200094978, 183.62772999240306, 67.76190441357164, 44.65572701608385, 1000.0999999999813, 937.75, 1172.2449999999985], [81.95914441357526, 239.55824845207007, 104.52797840881861, 55.28288452209497, 1248.4830000000018, 1172.2449999999985, 1682.7119499999985]], "Criteria": [[6.059147342361163, 11.322189141856333, 6.385861247092384, 2.576037651424212, 57.93443152720147, 53.74623475828377, 83.66782645742876], [11.322189141856333, 38.22925855197548, 14.52456324018225, 9.015807025266714, 200.34002151186058, 186.44292822630524, 243.35331822576123], [6.385861247092384, 14.52456324018225, 9.128490120396599, 3.326078644344401, 74.38777580749294, 69.1538127784043, 106.78065092966482], [2.576037651424212, 9.015807025266714, 3.326078644344401, 3.536328266380198, 50.53680384309844, 46.247955691996985, 57.023171923361836], [57.93443152720147, 200.34002151186058, 74.38777580749294, 50.53680384309844, 1167.2400000000048, 1022.1999999999762, 1274.943999999998], [53.74623475828377, 186.44292822630524, 69.1538127784043, 46.247955691996985, 1022.1999999999762, 954.0, 1191.0524999999989], [83.66782645742876, 243.35331822576123, 106.78065092966482, 57.023171923361836, 1274.943999999998, 1191.0524999999989, 1713.1633249999993]], "Alt": [[6.042519611872975, 11.336676762515072, 6.3366879516672325, 2.5294646280130717, 57.67137861388721, 53.80540750626418, 83.56724606788431], [11.336676762515072, 38.87692120757858, 14.510409731470757, 9.011587643479062, 201.91888543828782, 189.26635244985616, 246.55815633367132], [6.3366879516672325, 14.510409731470757, 9.035480320820081, 3.2557031762694253, 73.7269373392191, 69.07825134967266, 106.31151114543805], [2.5294646280130717, 9.011587643479062, 3.2557031762694253, 3.4985938046174443, 50.03760104728274, 46.123673478492286, 56.74485854773301], [57.67137861388721, 201.91888543828782, 73.7269373392191, 50.03760104728274, 1163.7200000000093, 1027.5999999999804, 1280.7999999999975], [53.80540750626418, 189.26635244985616, 69.07825134967266, 46.123673478492286, 1027.5999999999804, 965.75, 1204.4674999999986], [83.56724606788431, 246.55815633367132, 106.31151114543805, 56.74485854773301, 1280.7999999999975, 1204.4674999999986, 1729.7469750000032]]}, "b": {"Self": [-0.5625582631954702, -2.8251595477210136, -0.7473255964310009, -0.7099951695597064, -15.863372622177303, -14.851685746075427, -16.751778179608273], "Criteria": [-1.0749246951656821, -3.7288585645261074, -1.3830762555680864, -0.9249591138399527, -20.444000000000333, -19.060000000000493, -23.821049999999982], "Alt": [-1.0761081501252903, -3.7853270489971274, -1.381565026993444, -0.9224734695698565, -20.552000000000355, -19.295000000000446, -24.08935000000005]}}