{"d": 7, "alpha": 0.6, "topics": ["Self", "Criteria", "Alt"], "softmax_temp": 0.7, "A": {"Self": [[15.010176572336047, 21.328660664589982, 17.724202180543926, 4.503144322250853, 107.74880052164526, 106.25919802887795, 130.22552082294897], [21.328660664589982, 35.339957526945916, 27.063960891643355, 7.244985826058665, 173.3853237075989, 173.23257431180716, 196.3345123152579], [17.724202180543926, 27.063960891643355, 23.661549691185204, 5.736786855225535, 137.5071350296674, 135.56696662824746, 164.011265435234], [4.503144322250853, 7.244985826058665, 5.736786855225535, 2.6720355376222567, 37.5683281769437, 37.08780118007237, 40.85726304899759], [107.74880052164526, 173.3853237075989, 137.5071350296674, 37.5683281769437, 944.0400000000154, 894.9961518241937, 976.6589999999998], [106.25919802887795, 173.23257431180716, 135.56696662824746, 37.08780118007237, 894.9961518241937, 1026.9678301497822, 973.6727659731692], [130.22552082294897, 196.3345123152579, 164.011265435234, 40.85726304899759, 976.6589999999998, 973.6727659731692, 1311.668500000003]], "Criteria": [[15.386856810931414, 21.658903298154595, 18.142750138400814, 4.592962916120617, 110.30347177602683, 109.32166789769155, 134.4433356312199], [21.658903298154595, 35.541609384704365, 27.39940873666613, 7.320277239562593, 176.21128747649823, 177.06968982751246, 200.38148123126842], [18.142750138400814, 27.39940873666613, 24.128935185990912, 5.83512994945919, 140.26367515529068, 138.9691768129019, 168.67448047929003], [4.592962916120617, 7.320277239562593, 5.83512994945919, 2.696574599635678, 38.42021287802534, 37.936063482495946, 41.856491484883435], [110.30347177602683, 176.21128747649823, 140.26367515529068, 38.42021287802534, 967.5600000000153, 924.4165039698812, 1006.7170000000001], [109.32166789769155, 177.06968982751246, 138.9691768129019, 37.936063482495946, 924.4165039698812, 1067.4220173445267, 1005.6581940014987], [134.4433356312199, 200.38148123126842, 168.67448047929003, 41.856491484883435, 1006.7170000000001, 1005.6581940014987, 1362.800449999999]], "Alt": [[14.564920799465407, 20.866817491674915, 17.205300610247306, 4.386232172159497, 105.54493335935018, 105.70128141382037, 127.12791112516673], [20.866817491674915, 34.92625265849501, 26.53390681801544, 7.11792141626867, 171.47482480819943, 174.43782079396803, 193.70274141352928], [17.205300610247306, 26.53390681801544, 23.059590091169852, 5.6065781495506055, 134.93556118410282, 135.06620514959192, 160.23641133129922], [4.386232172159497, 7.11792141626867, 5.6065781495506055, 2.6345096779543975, 37.00376819371622, 37.12899743844669, 40.01671714446498], [105.54493335935018, 171.47482480819943, 134.93556118410282, 37.00376819371622, 933.2800000000134, 901.5028024280858, 964.3489999999972], [105.70128141382037, 174.43782079396803, 135.06620514959192, 37.12899743844669, 901.5028024280858, 1054.554159928633, 975.5407577095845], [127.12791112516673, 193.70274141352928, 160.23641133129922, 40.01671714446498, 964.3489999999972, 975.5407577095845, 1292.9189000000026]]}, "b": {"Self": [-1.664226929856862, -2.7869690193247014, -2.125828209160128, -0.5972321365324844, -14.319870990351742, -14.36082082571409, -15.005792421499557], "Criteria": [-1.993300337718921, -3.185474277616063, -2.527364762581441, -0.682081352215095, -16.438244007353372, -16.5636298620905, -18.259378139886778], "Alt": [-1.91054626680925, -3.1115276001031242, -2.4350935842949104, -0.6595858453913325, -15.913107309803685, -16.24116954767877, -17.560432320935348]}}