{"d": 7, "alpha": 0.6, "topics": ["Self", "Criteria", "Alt"], "softmax_temp": 0.7, "A": {"Self": [[8.509564304627666, 10.144102337178964, 9.401758263217527, 2.216900138900019, 46.162690361782786, 31.22451298433734, 76.40871200166116], [10.144102337178964, 15.308278359388588, 12.734126790289045, 3.151020274703663, 64.62437832549794, 43.86180139555072, 104.60202810329464], [9.401758263217527, 12.734126790289045, 12.911019826168758, 2.794089781135183, 57.87728555118816, 39.23784083412017, 95.76034414735531], [2.216900138900019, 3.151020274703663, 2.794089781135183, 1.8043305848044535, 14.796921326494376, 9.690215881284514, 22.998555310279567], [46.162690361782786, 64.62437832549794, 57.87728555118816, 14.796921326494376, 320.44000000000705, 196.01657440678594, 477.21299999999974], [31.22451298433734, 43.86180139555072, 39.23784083412017, 9.690215881284514, 196.01657440678594, 156.1597454270102, 320.8933970088053], [76.40871200166116, 104.60202810329464, 95.76034414735531, 22.998555310279567, 477.21299999999974, 320.8933970088053, 802.1485500000005]], "Criteria": [[8.173018961656132, 9.69198482695758, 8.953613049908157, 2.10418008712042, 44.676152722452045, 30.519691424923586, 72.41298116666785], [9.69198482695758, 14.668122176635347, 12.127040991901142, 2.9716986189254433, 62.434360455693515, 42.89596400693815, 98.78828725920184], [8.953613049908157, 12.127040991901142, 12.305888398871629, 2.6493407909647755, 55.89532399360216, 38.20854703625381, 90.3914745348975], [2.10418008712042, 2.9716986189254433, 2.6493407909647755, 1.7479259260035165, 14.131041868469786, 9.352074205190128, 21.555206803067556], [44.676152722452045, 62.434360455693515, 55.89532399360216, 14.131041868469786, 314.7200000000061, 192.39053560983606, 458.11999999999944], [30.519691424923586, 42.89596400693815, 38.20854703625381, 9.352074205190128, 192.39053560983606, 156.86582303679396, 310.54258335139866], [72.41298116666785, 98.78828725920184, 90.3914745348975, 21.555206803067556, 458.11999999999944, 310.54258335139866, 757.4399000000014]], "Alt": [[8.721604616507587, 10.445712698259559, 9.56930837150145, 2.2475097712753156, 47.31942021824795, 31.624036616585695, 78.45829580483512], [10.445712698259559, 15.77836560786968, 12.969117428477466, 3.208190440149808, 66.37248369877676, 44.66971311292283, 107.6544720071605], [9.56930837150145, 12.969117428477466, 12.978905238879053, 2.80149863813002, 58.74296969720417, 39.30341877900855, 97.29404079467726], [2.2475097712753156, 3.208190440149808, 2.80149863813002, 1.808756073561248, 15.087555120828512, 9.733630112221082, 23.323275502182874], [47.31942021824795, 66.37248369877676, 58.74296969720417, 15.087555120828512, 330.1200000000075, 198.29881971937328, 490.5449999999991], [31.624036616585695, 44.66971311292283, 39.30341877900855, 9.733630112221082, 198.29881971937328, 157.78336275749862, 325.6166371907892], [78.45829580483512, 107.6544720071605, 97.29404079467726, 23.323275502182874, 490.5449999999991, 325.6166371907892, 822.6106500000003]]}, "b": {"Self": [-0.6929571402950034, -1.0167846484282719, -0.8772454610228305, -0.22885179882193427, -4.571495557668703, -3.129664372574334, -7.190044058557087], "Criteria": [-0.8651886654386275, -1.2209342915191301, -1.0848749348552802, -0.2679114365147178, -5.564414981281312, -3.866105060106651, -8.777982215306844], "Alt": [-0.9255888741372753, -1.3103983530961114, -1.1510649276365736, -0.2873425034203214, -5.874234123202425, -3.999059966056991, -9.507172675167206]}}