{"d": 7, "alpha": 0.8, "topics": ["Self", "Criteria", "Alt"], "softmax_temp": 0.5, "A": {"Self": [[1.794902557835493, 0.883295061122864, 0.8898855973926452, 0.2586990216403911, 4.352972062734257, 3.6654663087638637, 5.858456090238716], [0.883295061122864, 1.988718811458908, 0.9874688406450652, 0.29057084501537384, 4.913207329051445, 4.097277214561419, 6.491832716919613], [0.8898855973926452, 0.9874688406450652, 1.9979063111616173, 0.2898015855028412, 4.8427699039836245, 4.089437438673378, 6.543921717379893], [0.2586990216403911, 0.29057084501537384, 0.2898015855028412, 1.0898000626729758, 1.4477195580607438, 1.2208450810465032, 1.8331718804687938], [4.352972062734257, 4.913207329051445, 4.8427699039836245, 1.4477195580607438, 25.83999999999998, 20.437553462113616, 32.016000000000005], [3.6654663087638637, 4.097277214561419, 4.089437438673378, 1.2208450810465032, 20.437553462113616, 21.724427667898194, 27.335278556444532], [5.858456090238716, 6.491832716919613, 6.543921717379893, 1.8331718804687938, 32.016000000000005, 27.335278556444532, 46.958549999999995]], "Criteria": [[1.7781421133357886, 0.8746156703685155, 0.8621267104679751, 0.2599318303116609, 4.471308947717798, 4.116285620982351, 5.990047970436908], [0.8746156703685155, 1.9882140123893053, 0.9690159292163746, 0.29449408064616966, 5.065753789274085, 4.681559954699394, 6.716263143993731], [0.8621267104679751, 0.9690159292163746, 1.956539933583058, 0.2888953299840939, 4.938748157923667, 4.54485041184391, 6.61663528092815], [0.2599318303116609, 0.29449408064616966, 0.2888953299840939, 1.0922101779803741, 1.509117651519194, 1.4237782426416494, 1.933600239994919], [4.471308947717798, 5.065753789274085, 4.938748157923667, 1.509117651519194, 27.199999999999974, 24.251881261464092, 34.45], [4.116285620982351, 4.681559954699394, 4.54485041184391, 1.4237782426416494, 24.251881261464092, 26.882283584506332, 31.501289066087676], [5.990047970436908, 6.716263143993731, 6.61663528092815, 1.933600239994919, 34.45, 31.501289066087676, 49.851625000000006]], "Alt": [[1.8086746893917465, 0.9058406093006437, 0.9052510000640924, 0.2584546649128177, 4.4821577189776685, 3.824685775206408, 6.26097696640982], [0.9058406093006437, 2.0218540558805924, 1.0129687808547874, 0.29187838656095827, 5.092014058479243, 4.3418864072993815, 7.018296527340791], [0.9052510000640924, 1.0129687808547874, 2.0149884271175154, 0.2895095524763372, 4.990404646993237, 4.261780797705459, 6.992034046512172], [0.2584546649128177, 0.29187838656095827, 0.2895095524763372, 1.0883846337137244, 1.4578319660392267, 1.2900917975396953, 1.9351955778830843], [4.4821577189776685, 5.092014058479243, 4.990404646993237, 1.4578319660392267, 26.759999999999977, 21.94600453751996, 34.85300000000001], [3.824685775206408, 4.3418864072993815, 4.261780797705459, 1.2900917975396953, 21.94600453751996, 22.925890132401072, 29.497310072581854], [6.26097696640982, 7.018296527340791, 6.992034046512172, 1.9351955778830843, 34.85300000000001, 29.497310072581854, 52.098600000000026]]}, "b": {"Self": [-0.07638273922715473, -0.08547666611497068, -0.08527613003729774, -0.02508618749450384, -0.42600000000000027, -0.355285141985828, -0.5624000000000001], "Criteria": [-0.07622546239451918, -0.0860247308423221, -0.08434060187838884, -0.025577528944649403, -0.4420000000000003, -0.40864535237083344, -0.58685], "Alt": [-0.07810992184807265, -0.08805790301682877, -0.08722967594254266, -0.025148335605979493, -0.4400000000000003, -0.37545818846361834, -0.6058999999999999]}}