{"d": 7, "alpha": 0.8, "topics": ["Self", "Criteria", "Alt"], "softmax_temp": 0.5, "A": {"Self": [[2.3309264468676036, 2.8628004516147008, 1.661374443046702, 0.6481802229189917, 15.375474217486216, 13.757256742237175, 20.96886205470268], [2.8628004516147008, 10.099600919605644, 3.668939304770332, 2.1747040794427743, 51.23255019444662, 45.86745303600208, 58.202307443858864], [1.661374443046702, 3.668939304770332, 3.0917573759544754, 0.8365127480085346, 19.764891254013403, 17.738432684964, 26.676075323501294], [0.6481802229189917, 2.1747040794427743, 0.8365127480085346, 1.575835683207719, 12.477195340236648, 11.144291652953145, 13.703037214568468], [15.375474217486216, 51.23255019444662, 19.764891254013403, 12.477195340236648, 301.6400000000049, 263.60000000000144, 321.23400000000004], [13.757256742237175, 45.86745303600208, 17.738432684964, 11.144291652953145, 263.60000000000144, 237.0, 287.2125000000002], [20.96886205470268, 58.202307443858864, 26.676075323501294, 13.703037214568468, 321.23400000000004, 287.2125000000002, 404.87372499999975]], "Criteria": [[2.5224009219003283, 3.226186973826269, 1.9090577301492482, 0.7343842460373753, 17.375423360038642, 15.432527068042523, 23.86434021478422], [3.226186973826269, 10.902949943299548, 4.126954305470548, 2.3802063279589425, 55.955129490737896, 49.75409902615008, 64.99328851605488], [1.9090577301492482, 4.126954305470548, 3.4116168063807115, 0.9459481155474663, 22.283938243154367, 19.84858418685521, 30.380156419789998], [0.7343842460373753, 2.3802063279589425, 0.9459481155474663, 1.634834687170105, 13.750055782371607, 12.185084804602631, 15.428561380041083], [17.375423360038642, 55.955129490737896, 22.283938243154367, 13.750055782371607, 329.2000000000058, 286.500000000002, 360.8929999999999], [15.432527068042523, 49.75409902615008, 19.84858418685521, 12.185084804602631, 286.500000000002, 256.0, 321.0500000000002], [23.86434021478422, 64.99328851605488, 30.380156419789998, 15.428561380041083, 360.8929999999999, 321.0500000000002, 458.4603999999998]], "Alt": [[2.5339446941858346, 3.19396750807424, 1.9119148704037352, 0.7257896616798458, 17.120687197717192, 15.256577219911408, 23.513827107196168], [3.19396750807424, 10.98939784645459, 4.074850237165757, 2.375573244921868, 56.16238195630305, 50.22525649005507, 64.08037237613316], [1.9119148704037352, 4.074850237165757, 3.4027780703628014, 0.9308072955652502, 21.88842978511588, 19.57687597850761, 29.813768894658935], [0.7257896616798458, 2.375573244921868, 0.9308072955652502, 1.6246551314383122, 13.612090970641448, 12.145378530008115, 15.045746964825865], [17.120687197717192, 56.16238195630305, 21.88842978511588, 13.612090970641448, 329.36000000000564, 287.900000000002, 352.5259999999995], [15.256577219911408, 50.22525649005507, 19.57687597850761, 12.145378530008115, 287.900000000002, 258.75, 315.2300000000001], [23.513827107196168, 64.08037237613316, 29.813768894658935, 15.045746964825865, 352.5259999999995, 315.2300000000001, 446.7765499999998]]}, "b": {"Self": [-0.15013129230736555, -0.706502105811899, -0.20096231518549246, -0.17591966254561256, -4.183907436918998, -3.7408270078513692, -4.087515202104074], "Criteria": [-0.3086505413608506, -0.995081980523003, -0.39697168373710384, -0.24370169609205022, -5.729999999999971, -5.0999999999999135, -6.420999999999997], "Alt": [-0.30513154439822826, -1.0045051298010998, -0.391537519570152, -0.24290757060015983, -5.757999999999965, -5.154999999999912, -6.304600000000005]}}