{"d": 7, "alpha": 0.6, "topics": ["Self", "Criteria", "Alt"], "softmax_temp": 0.7, "A": {"Self": [[1.0287292780377122, 0.02052875120100684, 0.03158737782318039, 0.001570294506808369, 0.15557304144478468, 0.11983397511351285, 0.2396679502270257], [0.02052875120100684, 1.0146750865632743, 0.0225653294617876, 0.0011225907443372656, 0.11138051305397503, 0.08565913499572084, 0.17131826999144167], [0.03158737782318039, 0.0225653294617876, 1.0347351483075085, 0.0017260236540500556, 0.1708493323591178, 0.13172674999991524, 0.2634534999998305], [0.001570294506808369, 0.0011225907443372656, 0.0017260236540500556, 1.000085874649285, 0.008521789141635684, 0.006552566892998633, 0.013105133785997265], [0.15557304144478468, 0.11138051305397503, 0.1708493323591178, 0.008521789141635684, 1.8499999999999999, 0.6499999999999999, 1.2999999999999998], [0.11983397511351285, 0.08565913499572084, 0.13172674999991524, 0.006552566892998633, 0.6499999999999999, 1.5, 1.0], [0.2396679502270257, 0.17131826999144167, 0.2634534999998305, 0.013105133785997265, 1.2999999999999998, 1.0, 3.0]], "Criteria": [[1.0142298254795934, 0.010719488429257091, 0.01550448966915305, 0.000840656760386607, 0.0835021825163913, 0.05964441608313664, 0.11928883216627328], [0.010719488429257091, 1.0080751118381432, 0.011679707375776768, 0.0006332762428368537, 0.0629031382419844, 0.04493081302998886, 0.08986162605997772], [0.01550448966915305, 0.011679707375776768, 1.0168933343733282, 0.0009159602185852195, 0.09098205231214981, 0.06498718022296415, 0.1299743604459283], [0.000840656760386607, 0.0006332762428368537, 0.0009159602185852195, 1.0000496635598095, 0.004933066420252884, 0.0035236188716092033, 0.0070472377432184066], [0.0835021825163913, 0.0629031382419844, 0.09098205231214981, 0.004933066420252884, 1.49, 0.35, 0.7], [0.05964441608313664, 0.04493081302998886, 0.06498718022296415, 0.0035236188716092033, 0.35, 1.25, 0.5], [0.11928883216627328, 0.08986162605997772, 0.1299743604459283, 0.0070472377432184066, 0.7, 0.5, 2.0]], "Alt": [[1.0294692378232124, 0.020973892757624246, 0.032320154189519876, 0.0015119215441672447, 0.1942161072921451, 0.1213850670575907, 0.2427701341151814], [0.020973892757624246, 1.0149275730474445, 0.023003099537942044, 0.0010760949326767246, 0.13822793481837725, 0.08639245926148578, 0.17278491852297156], [0.032320154189519876, 0.023003099537942044, 1.0354751442597427, 0.0016634827630550466, 0.21303141236780046, 0.13314463272987528, 0.26628926545975057], [0.0015119215441672447, 0.0010760949326767246, 0.0016634827630550466, 1.0000785609104375, 0.009969222315172454, 0.006230763946982782, 0.012461527893965565], [0.1942161072921451, 0.13822793481837725, 0.21303141236780046, 0.009969222315172454, 2.2800000000000002, 0.8, 1.6], [0.1213850670575907, 0.08639245926148578, 0.13314463272987528, 0.006230763946982782, 0.8, 1.5, 1.0], [0.2427701341151814, 0.17278491852297156, 0.26628926545975057, 0.012461527893965565, 1.6, 1.0, 3.0]]}, "b": {"Self": [0.009523341047655473, 0.006801109625494059, 0.010474386578126474, 0.0005201970382322136, 0.05143379375503981, 0.03970367690710304, 0.07940735381420608], "Criteria": [-0.027701517691945683, -0.02086786649615038, -0.030182934814665573, -0.0016365252092584966, -0.16255555555555554, -0.11611111111111111, -0.23222222222222222], "Alt": [-0.002429566592460879, -0.0017291770300861397, -0.002664996635951665, -0.0001247218914615636, -0.016012347366216123, -0.010007717103885075, -0.02001543420777015]}}