{"d": 7, "alpha": 0.6, "topics": ["Self", "Criteria", "Alt"], "softmax_temp": 0.7, "A": {"Self": [[1.2622949363462437, 0.2829467486589835, 0.3179409443161611, 0.05642171099562686, 1.3522950069720465, 1.254224704882475, 2.502032325231776], [0.2829467486589835, 1.3083375391232468, 0.343093721489586, 0.06068807893279782, 1.4722109881066456, 1.361101843166604, 2.7143875323675446], [0.3179409443161611, 0.343093721489586, 1.3877516712694018, 0.06859059664207166, 1.6513090421739904, 1.5206281372777788, 3.033429400105732], [0.05642171099562686, 0.06068807893279782, 0.06859059664207166, 1.012675650963403, 0.2966962113059952, 0.2697526024858225, 0.5382107425165933], [1.3522950069720465, 1.4722109881066456, 1.6513090421739904, 0.2966962113059952, 8.400000000000002, 6.518, 12.997], [1.254224704882475, 1.361101843166604, 1.5206281372777788, 0.2697526024858225, 6.518, 7.0309, 12.02735], [2.502032325231776, 2.7143875323675446, 3.033429400105732, 0.5382107425165933, 12.997, 12.02735, 24.990025]], "Criteria": [[1.3613520895674183, 0.38804698801744186, 0.44636666430121613, 0.08341304596990008, 1.9058993609194324, 1.7109513085845, 3.3916283676190675], [0.38804698801744186, 1.4220431285980906, 0.47910878191091616, 0.08988584411180638, 2.061609238403609, 1.847700025077969, 3.6628525106750818], [0.44636666430121613, 0.47910878191091616, 1.554865986085547, 0.1027965549819914, 2.3609973761995118, 2.1127857174632663, 4.187221268974304], [0.08341304596990008, 0.08988584411180638, 0.1027965549819914, 1.0209420812415597, 0.4456466870482999, 0.3978002440508219, 0.7881554245542437], [1.9058993609194324, 2.061609238403609, 2.3609973761995118, 0.4456466870482999, 11.48, 9.089999999999998, 17.996999999999996], [1.7109513085845, 1.847700025077969, 2.1127857174632663, 0.3978002440508219, 9.089999999999998, 9.1725, 16.14675], [3.3916283676190675, 3.6628525106750818, 4.187221268974304, 0.7881554245542437, 17.996999999999996, 16.14675, 32.990025]], "Alt": [[1.31092139866347, 0.3269053246478455, 0.37375505265280506, 0.06005853060497578, 1.4448060398250864, 1.4178709735615214, 2.8357419471230427], [0.3269053246478455, 1.347496256262385, 0.3930727550202662, 0.0635415399893375, 1.5127550671043952, 1.4980141611529671, 2.9960283223059343], [0.37375505265280506, 0.3930727550202662, 1.451638266369188, 0.07278677905603982, 1.7434690752237274, 1.7066168928717982, 3.4132337857435964], [0.06005853060497578, 0.0635415399893375, 0.07278677905603982, 1.012528969160922, 0.28290160913748297, 0.2753419556702144, 0.5506839113404288], [1.4448060398250864, 1.5127550671043952, 1.7434690752237274, 0.28290160913748297, 8.280000000000003, 6.599999999999999, 13.199999999999998], [1.4178709735615214, 1.4980141611529671, 1.7066168928717982, 0.2753419556702144, 6.599999999999999, 7.5, 13.0], [2.8357419471230427, 2.9960283223059343, 3.4132337857435964, 0.5506839113404288, 13.199999999999998, 13.0, 27.0]]}, "b": {"Self": [2.5007732040874426, 2.698348501883471, 3.0312197416299353, 0.5392607546190683, 12.894336322908336, 11.960666075187959, 23.91857989704816], "Criteria": [3.2187949235231783, 3.4740456584730643, 3.970290235536985, 0.7470155034124708, 16.9769252129462, 15.135735926522143, 30.27476490030599], "Alt": [2.8072434871541496, 2.9658709527175846, 3.378955517811591, 0.5451630213002083, 13.067947782417626, 12.869406148464174, 25.738812296928348]}}