{"d": 7, "alpha": 0.6, "topics": ["Self", "Criteria", "Alt"], "softmax_temp": 0.7, "A": {"Self": [[1.2891730193333693, 0.3092246137134964, 0.3434055749498216, 0.06379911511657034, 1.494899672302209, 1.3665282690522782, 2.7330565381045564], [0.3092246137134964, 1.3348902910209184, 0.36699910849201967, 0.06838762789674241, 1.6099034838510227, 1.4708456657747593, 2.9416913315495186], [0.3434055749498216, 0.36699910849201967, 1.409757256320473, 0.07566634045591142, 1.7651461834250153, 1.6231619693682051, 3.2463239387364102], [0.06379911511657034, 0.06838762789674241, 0.07566634045591142, 1.0156766402063315, 0.33864311196036845, 0.3016608966151085, 0.603321793230217], [1.494899672302209, 1.6099034838510227, 1.7651461834250153, 0.33864311196036845, 9.280000000000001, 7.099999999999998, 14.199999999999996], [1.3665282690522782, 1.4708456657747593, 1.6231619693682051, 0.3016608966151085, 7.099999999999998, 7.5, 13.0], [2.7330565381045564, 2.9416913315495186, 3.2463239387364102, 0.603321793230217, 14.199999999999996, 13.0, 27.0]], "Criteria": [[1.322922797520072, 0.36019244757916635, 0.39351954339290796, 0.07583175439458449, 1.5971276688749114, 1.5259233756622699, 3.0518467513245398], [0.36019244757916635, 1.4067724634828023, 0.43902448180983267, 0.0844938058326954, 1.7922855392358141, 1.711563442437652, 3.423126884875304], [0.39351954339290796, 0.43902448180983267, 1.4817434568668075, 0.09245216388714664, 1.9493595251307811, 1.8594067289041474, 3.7188134578082948], [0.07583175439458449, 0.0844938058326954, 0.09245216388714664, 1.0204080061931684, 0.3778022360097434, 0.3601457906754158, 0.7202915813508316], [1.5971276688749114, 1.7922855392358141, 1.9493595251307811, 0.3778022360097434, 9.400000000000002, 7.6, 15.2], [1.5259233756622699, 1.711563442437652, 1.8594067289041474, 0.3601457906754158, 7.6, 8.25, 14.5], [3.0518467513245398, 3.423126884875304, 3.7188134578082948, 0.7202915813508316, 15.2, 14.5, 30.0]], "Alt": [[1.2924312251446721, 0.30633697234700485, 0.3541845536904855, 0.06002806939651959, 1.4265417993513292, 1.3481156182855394, 2.6962312365710788], [0.30633697234700485, 1.323168647481173, 0.3711324192365474, 0.06343927739694312, 1.4992247332097377, 1.4197207351651695, 2.839441470330339], [0.3541845536904855, 0.3711324192365474, 1.4304494939593764, 0.07235034478691524, 1.7220544745263633, 1.6331687282299572, 3.2663374564599144], [0.06002806939651959, 0.06343927739694312, 0.07235034478691524, 1.0139060127076036, 0.30553593504037113, 0.2797694877733659, 0.5595389755467318], [1.4265417993513292, 1.4992247332097377, 1.7220544745263633, 0.30553593504037113, 8.520000000000001, 6.6, 13.2], [1.3481156182855394, 1.4197207351651695, 1.6331687282299572, 0.2797694877733659, 6.6, 7.25, 12.5], [2.6962312365710788, 2.839441470330339, 3.2663374564599144, 0.5595389755467318, 13.2, 12.5, 26.0]]}, "b": {"Self": [0.10251412778056797, 0.11056781730964, 0.12142282442629199, 0.022675993185600672, 0.5431782869842543, 0.48640986172672473, 0.9728197234534495], "Criteria": [-0.22558634925038745, -0.2594623406330983, -0.28596179792840987, -0.08257685080903578, -0.8727519142065157, -1.0455907268884301, -2.0911814537768603], "Alt": [-0.12842834440737197, -0.14663363832805779, -0.14957759025212103, -0.028519834152700145, -0.7341836452320966, -0.6272124601186132, -1.2544249202372264]}}