{"d": 7, "alpha": 0.6, "topics": ["Self", "Criteria", "Alt"], "softmax_temp": 0.7, "A": {"Self": [[9.894310311661016, 12.163747935965977, 11.253621336072325, 2.615135746359096, 58.88558687841069, 36.66813601467548, 91.20580787933868], [12.163747935965977, 18.47912029819491, 15.490460349132862, 3.7677633828006862, 84.73210027924323, 52.195298894040235, 126.77685962614166], [11.253621336072325, 15.490460349132862, 15.390739378057338, 3.342628332350651, 75.1252415423019, 46.72741905987443, 115.58428260952537], [2.615135746359096, 3.7677633828006862, 3.342628332350651, 1.8933765048350293, 18.488434962154866, 11.260100492350661, 27.16646123695668], [58.88558687841069, 84.73210027924323, 75.1252415423019, 18.488434962154866, 432.6400000000133, 253.81693578687796, 610.4199999999996], [36.66813601467548, 52.195298894040235, 46.72741905987443, 11.260100492350661, 253.81693578687796, 182.0170401325822, 382.45033053757214], [91.20580787933868, 126.77685962614166, 115.58428260952537, 27.16646123695668, 610.4199999999996, 382.45033053757214, 965.1982000000003]], "Criteria": [[10.483357007031149, 12.832613431499468, 11.951101285977808, 2.747133655865398, 63.32900235897768, 39.73040358162613, 96.69807200713268], [12.832613431499468, 19.192554550037634, 16.25527705516774, 3.9077291335615034, 89.92319700907636, 55.73428579038255, 132.6913365287506], [11.951101285977808, 16.25527705516774, 16.207593076721462, 3.496215844415336, 80.49620240302897, 50.186018568340934, 121.75625149433337], [2.747133655865398, 3.9077291335615034, 3.496215844415336, 1.9258662224898748, 19.601628805560722, 12.085134744076775, 28.267639604085225], [63.32900235897768, 89.92319700907636, 80.49620240302897, 19.601628805560722, 467.5600000000135, 276.9025514404186, 652.1499999999992], [39.73040358162613, 55.73428579038255, 50.186018568340934, 12.085134744076775, 276.9025514404186, 199.48520523605012, 411.37827546066796], [96.69807200713268, 132.6913365287506, 121.75625149433337, 28.267639604085225, 652.1499999999992, 411.37827546066796, 1017.1420250000019]], "Alt": [[10.050236116986492, 12.359772394956433, 11.404923549298, 2.6266383998539036, 60.68592106179633, 37.355099981242354, 93.12561969998939], [12.359772394956433, 18.727657170082793, 15.652171786261095, 3.772754948949052, 87.14574983675999, 53.09241259800045, 129.4163653227824], [11.404923549298, 15.652171786261095, 15.508651017956625, 3.3384205755747423, 77.08662075492137, 47.19460175453173, 117.29754104817712], [2.6266383998539036, 3.772754948949052, 3.3384205755747423, 1.8855453230617192, 18.781299770412854, 11.333785900969863, 27.36390676261205], [60.68592106179633, 87.14574983675999, 77.08662075492137, 18.781299770412854, 449.3600000000139, 260.51684068618226, 632.082999999999], [37.355099981242354, 53.09241259800045, 47.19460175453173, 11.333785900969863, 260.51684068618226, 185.82574541271208, 392.20726308252046], [93.12561969998939, 129.4163653227824, 117.29754104817712, 27.36390676261205, 632.082999999999, 392.20726308252046, 988.5444000000009]]}, "b": {"Self": [-0.8161706005588539, -1.2268505799585414, -1.051712732885877, -0.26986282427530023, -6.018103703911355, -3.6529840755443432, -8.606827973218216], "Criteria": [-1.1386869837435285, -1.6152184919782844, -1.4444370431514602, -0.35071809958712474, -8.039861202422182, -4.97396025926753, -11.754560145206398], "Alt": [-1.0944951284752211, -1.5707574658626884, -1.3878703843801175, -0.3373590383008063, -7.766392972681706, -4.723565561937953, -11.442686784583893]}}