{"d": 7, "alpha": 0.6, "topics": ["Self", "Criteria", "Alt"], "softmax_temp": 0.7, "A": {"Self": [[1.2768833162443085, 0.2957787440544194, 0.3359149901131232, 0.05846501137996323, 1.4252124722628057, 1.3155199769495225, 2.623472981106695], [0.2957787440544194, 1.3193823907528126, 0.3586916235927551, 0.06233266648280821, 1.5352150239640858, 1.413130474088098, 2.8194733808454515], [0.3359149901131232, 0.3586916235927551, 1.4100273800758574, 0.0711296322890988, 1.7406733114090303, 1.596000298036275, 3.182219526098138], [0.05846501137996323, 0.06233266648280821, 0.0711296322890988, 1.0129418505349816, 0.306448421122333, 0.2778871663711652, 0.5544631384818683], [1.4252124722628057, 1.5352150239640858, 1.7406733114090303, 0.306448421122333, 8.760000000000002, 6.818, 13.597], [1.3155199769495225, 1.413130474088098, 1.596000298036275, 0.2778871663711652, 6.818, 7.2809, 12.52735], [2.623472981106695, 2.8194733808454515, 3.182219526098138, 0.5544631384818683, 13.597, 12.52735, 25.990025]], "Criteria": [[1.3501484940175312, 0.3770226952008409, 0.43380296952914404, 0.08067111112793314, 1.863560545537068, 1.652072199281148, 3.2857813291631564], [0.3770226952008409, 1.411195268947589, 0.46674615694744037, 0.08718460554001704, 2.0199480148968485, 1.7892207010425474, 3.558699451908182], [0.43380296952914404, 0.46674615694744037, 1.540777078143187, 0.0997166699215845, 2.31351869392233, 2.045893069675367, 4.06852456328135], [0.08067111112793314, 0.08718460554001704, 0.0997166699215845, 1.0202709603996145, 0.43520557407400634, 0.3833406228637011, 0.7622305684396551], [1.863560545537068, 2.0199480148968485, 2.31351869392233, 0.43520557407400634, 11.32, 8.853999999999997, 17.596999999999994], [1.652072199281148, 1.7892207010425474, 2.045893069675367, 0.3833406228637011, 8.853999999999997, 8.848099999999999, 15.58705], [3.2857813291631564, 3.558699451908182, 4.06852456328135, 0.7622305684396551, 17.596999999999994, 15.58705, 31.990025]], "Alt": [[1.31092139866347, 0.3269053246478455, 0.37375505265280506, 0.06005853060497578, 1.4448060398250864, 1.4178709735615214, 2.8357419471230427], [0.3269053246478455, 1.347496256262385, 0.3930727550202662, 0.0635415399893375, 1.5127550671043952, 1.4980141611529671, 2.9960283223059343], [0.37375505265280506, 0.3930727550202662, 1.451638266369188, 0.07278677905603982, 1.7434690752237274, 1.7066168928717982, 3.4132337857435964], [0.06005853060497578, 0.0635415399893375, 0.07278677905603982, 1.012528969160922, 0.28290160913748297, 0.2753419556702144, 0.5506839113404288], [1.4448060398250864, 1.5127550671043952, 1.7434690752237274, 0.28290160913748297, 8.280000000000003, 6.599999999999999, 13.199999999999998], [1.4178709735615214, 1.4980141611529671, 1.7066168928717982, 0.2753419556702144, 6.599999999999999, 7.5, 13.0], [2.8357419471230427, 2.9960283223059343, 3.4132337857435964, 0.5506839113404288, 13.199999999999998, 13.0, 27.0]]}, "b": {"Self": [2.612726939831529, 2.8285802951478005, 3.1590690155613834, 0.5568824874438167, 13.537140609313752, 12.499273679477783, 24.99835320968236], "Criteria": [3.1105377760760553, 3.3741504073291715, 3.8468460993093943, 0.7217322622543142, 16.58150599033903, 14.641646561503233, 29.285294478252744], "Alt": [2.807289868251369, 2.965950013695257, 3.37898362665846, 0.545173188215703, 13.067737552832064, 12.869621437411105, 25.73924287482221]}}