{"d": 7, "alpha": 0.8, "topics": ["Self", "Criteria", "Alt"], "softmax_temp": 0.5, "A": {"Self": [[7.880898606361148, 7.320503785138189, 8.096525838264697, 1.5692787222817266, 37.498083460646114, 34.728852790790334, 41.39565178124074], [7.320503785138189, 8.887796661955818, 8.601976709431314, 1.681897775908708, 40.258841837138554, 36.86640919538353, 44.12139546876196], [8.096525838264697, 8.601976709431314, 10.565275518488354, 1.8444466499109815, 43.98494731575297, 40.90938062396376, 48.9458810319181], [1.5692787222817266, 1.681897775908708, 1.8444466499109815, 1.405207195178893, 8.66394049434581, 7.910592899208512, 9.344611444351731], [37.498083460646114, 40.258841837138554, 43.98494731575297, 8.66394049434581, 210.72000000000224, 190.44319084384713, 222.59799999999996], [34.728852790790334, 36.86640919538353, 40.90938062396376, 7.910592899208512, 190.44319084384713, 202.81401940763408, 205.07133264707335], [41.39565178124074, 44.12139546876196, 48.9458810319181, 9.344611444351731, 222.59799999999996, 205.07133264707335, 295.46459999999973]], "Criteria": [[8.355506382224153, 7.861522935958208, 8.676665990109317, 1.7315920447933253, 40.565413875831474, 37.77651996060188, 45.20044867515902], [7.861522935958208, 9.522733779524073, 9.264446289209044, 1.8634478953337932, 43.82042288637471, 40.16518625290286, 48.54997458987427], [8.676665990109317, 9.264446289209044, 11.280558833749577, 2.0435939336225237, 47.7384097825902, 44.647419460956584, 53.534748947077674], [1.7315920447933253, 1.8634478953337932, 2.0435939336225237, 1.4591895972831457, 9.665929581549062, 8.886149696489158, 10.530373014427274], [40.565413875831474, 43.82042288637471, 47.7384097825902, 9.665929581549062, 230.16000000000295, 208.61431433608712, 246.82200000000006], [37.77651996060188, 40.16518625290286, 44.647419460956584, 8.886149696489158, 208.61431433608712, 225.1160746946385, 228.4853955999296], [45.20044867515902, 48.54997458987427, 53.534748947077674, 10.530373014427274, 246.82200000000006, 228.4853955999296, 332.87994999999995]], "Alt": [[8.327027774142651, 7.833442734502291, 8.645753953595577, 1.6859221144189758, 40.03085743234756, 36.98405227408426, 43.458900168686014], [7.833442734502291, 9.490261203987112, 9.229645289423924, 1.815770028795593, 43.24641276515287, 39.47979017912001, 46.6211734688576], [8.645753953595577, 9.229645289423924, 11.245361491512336, 1.9872060624554047, 47.086886586692835, 43.73201055705865, 51.542319683047836], [1.6859221144189758, 1.815770028795593, 1.9872060624554047, 1.435381634764517, 9.341774200550608, 8.531636945619645, 9.894784123194782], [40.03085743234756, 43.24641276515287, 47.086886586692835, 9.341774200550608, 225.40000000000273, 203.1762016305594, 234.67700000000002], [36.98405227408426, 39.47979017912001, 43.73201055705865, 8.531636945619645, 203.1762016305594, 214.9984156340103, 214.5444705456679], [43.458900168686014, 46.6211734688576, 51.542319683047836, 9.894784123194782, 234.67700000000002, 214.5444705456679, 312.77804999999995]]}, "b": {"Self": [-0.6555072836431642, -0.7008616068552698, -0.770237208810867, -0.1503609325089813, -3.6019999999999546, -3.3174171662599083, -3.920599999999997], "Criteria": [-0.7064359754111562, -0.7591021556291263, -0.8324368348981228, -0.16725707935552583, -3.9259999999999433, -3.6311368207758514, -4.3283999999999985], "Alt": [-0.699200308202188, -0.7516248977979162, -0.82389033891876, -0.16186238863426, -3.8519999999999466, -3.5377774155152095, -4.125000000000002]}}