{"d": 7, "alpha": 0.6, "topics": ["Self", "Criteria", "Alt"], "softmax_temp": 0.7, "A": {"Self": [[1.4484472863058646, 0.4044239058259839, 0.5096423704913323, 0.047612109860646595, 2.5068666624127873, 1.951179769679305, 3.90235953935861], [0.4044239058259839, 1.3659325010616516, 0.45937085273754863, 0.04306841021249651, 2.267808947529416, 1.7625044735809823, 3.5250089471619646], [0.5096423704913323, 0.45937085273754863, 1.5805459064318774, 0.054075289082357196, 2.849404603286765, 2.2177462392604586, 4.435492478520917], [0.047612109860646595, 0.04306841021249651, 0.054075289082357196, 1.005277722190172, 0.26766065390871435, 0.20745982688070866, 0.4149196537614173], [2.5068666624127873, 2.267808947529416, 2.849404603286765, 0.26766065390871435, 15.224489795918366, 10.92857142857143, 21.85714285714286], [1.951179769679305, 1.7625044735809823, 2.2177462392604586, 0.20745982688070866, 10.92857142857143, 9.5, 17.0], [3.90235953935861, 3.5250089471619646, 4.435492478520917, 0.4149196537614173, 21.85714285714286, 17.0, 35.0]], "Criteria": [[1.2724098328617797, 0.24156071802385412, 0.3109744899753299, 0.03208262891296154, 1.5264702288255134, 1.194967917380683, 2.389935834761366], [0.24156071802385412, 1.2150432477777895, 0.27566818472230464, 0.028504303862111283, 1.3622772949994983, 1.0615995705562127, 2.1231991411124254], [0.3109744899753299, 0.27566818472230464, 1.3553873211225873, 0.03648471319632482, 1.7427858658194009, 1.3634481240640612, 2.7268962481281225], [0.03208262891296154, 0.028504303862111283, 0.03648471319632482, 1.0041770333112978, 0.17717850202030644, 0.1412971385534576, 0.2825942771069152], [1.5264702288255134, 1.3622772949994983, 1.7427858658194009, 0.17717850202030644, 9.816326530612248, 6.714285714285713, 13.428571428571425], [1.194967917380683, 1.0615995705562127, 1.3634481240640612, 0.1412971385534576, 6.714285714285713, 6.25, 10.5], [2.389935834761366, 2.1231991411124254, 2.7268962481281225, 0.2825942771069152, 13.428571428571425, 10.5, 22.0]], "Alt": [[1.3391835558942589, 0.29488255375417, 0.3860648274270856, 0.03784413626467631, 1.8461775455032787, 1.4551843579298795, 2.910368715859759], [0.29488255375417, 1.2569119179870962, 0.33575124250207206, 0.032840532717804426, 1.610097340717519, 1.2662410589464803, 2.5324821178929606], [0.3860648274270856, 0.33575124250207206, 1.440151587996458, 0.04310227362686788, 2.103089943789885, 1.6564168031359725, 3.312833606271945], [0.03784413626467631, 0.032840532717804426, 0.04310227362686788, 1.0044180600682413, 0.20814685450906797, 0.1623636200555369, 0.3247272401110738], [1.8461775455032787, 1.610097340717519, 2.103089943789885, 0.20814685450906797, 11.306122448979593, 7.928571428571425, 15.85714285714285], [1.4551843579298795, 1.2662410589464803, 1.6564168031359725, 0.1623636200555369, 7.928571428571425, 7.25, 12.5], [2.910368715859759, 2.5324821178929606, 3.312833606271945, 0.3247272401110738, 15.85714285714285, 12.5, 26.0]]}, "b": {"Self": [0.1500951992670306, 0.13550383574630434, 0.17041183853321515, 0.01588501213898704, 0.8424670692694153, 0.652876575916937, 1.305753151833874], "Criteria": [-0.056595426847397115, -0.0486118177071202, -0.06409985212081949, -0.009504416207724367, -0.29615511150830165, -0.24684472860157297, -0.49368945720314594], "Alt": [-0.029246012094193887, -0.025451513652139116, -0.03328944446495149, -0.00326631409071744, -0.15944073199939823, -0.12562075530672828, -0.25124151061345656]}}