{"d": 7, "alpha": 0.6, "topics": ["Self", "Criteria", "Alt"], "softmax_temp": 0.7, "A": {"Self": [[14.374463179193308, 19.966496289753376, 16.452335439840603, 4.39733758153836, 95.65341516161493, 99.3271995336029, 125.50418270156435], [19.966496289753376, 32.576287846445624, 24.64826649941286, 6.977929757557161, 150.99271174337053, 158.50250729063683, 185.92458744921223], [16.452335439840603, 24.64826649941286, 21.375340868549944, 5.425459052375885, 118.26807308175057, 122.96368496974424, 154.4559774512646], [4.39733758153836, 6.977929757557161, 5.425459052375885, 2.76233209842993, 34.3453763510416, 35.35325879736235, 40.64540365727327], [95.65341516161493, 150.99271174337053, 118.26807308175057, 34.3453763510416, 790.6400000000148, 766.85284313812, 885.6429999999979], [99.3271995336029, 158.50250729063683, 122.96368496974424, 35.35325879736235, 766.85284313812, 943.730791598475, 923.3411563452217], [125.50418270156435, 185.92458744921223, 154.4559774512646, 40.64540365727327, 885.6429999999979, 923.3411563452217, 1266.165950000001]], "Criteria": [[14.145505749236637, 19.693162840153214, 16.143901084761787, 4.424410946092833, 94.1347621524577, 99.63496298626058, 124.63738857477165], [19.693162840153214, 32.120665205408905, 24.268579441603066, 7.02867940779244, 148.63333247677252, 158.23233349001285, 184.82981352614743], [16.143901084761787, 24.268579441603066, 20.958787377367937, 5.45001946320762, 116.10794832338063, 123.09275690757461, 153.0589209848018], [4.424410946092833, 7.02867940779244, 5.45001946320762, 2.815434200065596, 34.54575690824234, 36.04104274211703, 41.13803847693974], [94.1347621524577, 148.63333247677252, 116.10794832338063, 34.54575690824234, 775.200000000014, 759.4084483160761, 879.6320000000001], [99.63496298626058, 158.23233349001285, 123.09275690757461, 36.04104274211703, 759.4084483160761, 938.0031915033971, 934.6607937332906], [124.63738857477165, 184.82981352614743, 153.0589209848018, 41.13803847693974, 879.6320000000001, 934.6607937332906, 1268.4857250000007]], "Alt": [[14.409136250086833, 20.183858278685076, 16.517791088100633, 4.473750188019417, 95.92523322783816, 101.38604772858467, 126.40585371817001], [20.183858278685076, 33.1316573190847, 24.964900200936214, 7.171824272130936, 152.62828977174058, 162.57571188006816, 189.076063963933], [16.517791088100633, 24.964900200936214, 21.483149792969986, 5.532966315495445, 118.8363197629686, 125.78896048773021, 155.7643219879892], [4.473750188019417, 7.171824272130936, 5.532966315495445, 2.834059834648172, 35.113705670584345, 36.51126279780195, 41.62013609526209], [95.92523322783816, 152.62828977174058, 118.8363197629686, 35.113705670584345, 792.4400000000155, 775.927573692143, 897.0029999999982], [101.38604772858467, 162.57571188006816, 125.78896048773021, 36.51126279780195, 775.927573692143, 960.7544009688681, 947.3981053545137], [126.40585371817001, 189.076063963933, 155.7643219879892, 41.62013609526209, 897.0029999999982, 947.3981053545137, 1283.0060750000032]]}, "b": {"Self": [-1.5438431790164473, -2.5380855198747674, -1.9101914568957667, -0.5652038240267879, -12.289686292297693, -13.06616708628937, -14.115225369382214], "Criteria": [-1.8018585955605873, -2.852899843769776, -2.2218113074125867, -0.6471012936174606, -13.735882771194213, -14.711986529659361, -16.75986858936471], "Alt": [-1.8413586117169578, -2.9364595953486656, -2.278555389791043, -0.6584826662212785, -14.055274517962633, -15.0694857647854, -17.080345611691328]}}