{"d": 7, "alpha": 0.6, "topics": ["Self", "Criteria", "Alt"], "softmax_temp": 0.7, "A": {"Self": [[9.771780586237995, 11.728003759347462, 10.990853072479181, 2.4463325782738066, 57.323152154999086, 35.91430433129103, 89.47336534126067], [11.728003759347462, 17.417185078144964, 14.770718812368324, 3.4297893135937003, 80.17212754851732, 50.1408015119171, 121.52413824544539], [10.990853072479181, 14.770718812368324, 14.881114781282928, 3.099976132637282, 72.450982944004, 45.29083918386134, 112.30814028686386], [2.4463325782738066, 3.4297893135937003, 3.099976132637282, 1.7966705032688033, 16.889767511045463, 10.49818932482919, 25.362873096566027], [57.323152154999086, 80.17212754851732, 72.450982944004, 16.889767511045463, 413.24000000001, 244.89505988497524, 590.7219999999999], [35.91430433129103, 50.1408015119171, 45.29083918386134, 10.49818932482919, 244.89505988497524, 177.19277946721814, 373.9799255560441], [89.47336534126067, 121.52413824544539, 112.30814028686386, 25.362873096566027, 590.7219999999999, 373.9799255560441, 937.163375]], "Criteria": [[10.093050171264155, 12.00560700314405, 11.413384589698737, 2.5001235564429387, 59.403679101918435, 37.13870509546891, 92.40865739753278], [12.00560700314405, 17.53001197202091, 15.129427271169943, 3.4384089455790874, 81.65625336590443, 50.72236075086306, 123.90902357221684], [11.413384589698737, 15.129427271169943, 15.43962042704984, 3.167953152570256, 75.18862369185946, 46.81992360685636, 116.15777966651325], [2.5001235564429387, 3.4384089455790874, 3.167953152570256, 1.796515091191938, 17.201857783060085, 10.620114313957146, 25.777826257644193], [59.403679101918435, 81.65625336590443, 75.18862369185946, 17.201857783060085, 426.88000000001097, 251.7208761614446, 610.6189999999992], [37.13870509546891, 50.72236075086306, 46.81992360685636, 10.620114313957146, 251.7208761614446, 179.93009183374107, 383.71979537528665], [92.40865739753278, 123.90902357221684, 116.15777966651325, 25.777826257644193, 610.6189999999992, 383.71979537528665, 961.9624750000028]], "Alt": [[9.813782177773964, 11.685480757852643, 11.070568156714003, 2.417402441711954, 57.42932453219994, 35.69577144310215, 89.51817439145356], [11.685480757852643, 17.21351395880728, 14.736791201350714, 3.3516449706559173, 79.58961138838316, 49.375934753190904, 120.57612679676501], [11.070568156714003, 14.736791201350714, 15.021246192834933, 3.0647354055478258, 72.71082308818245, 44.99637258048176, 112.56797335970009], [2.417402441711954, 3.3516449706559173, 3.0647354055478258, 1.7685764877337014, 16.636506237367936, 10.256386821155077, 24.913668877620896], [57.42932453219994, 79.58961138838316, 72.71082308818245, 16.636506237367936, 411.12000000001046, 242.76665951754748, 589.1479999999991], [35.69577144310215, 49.375934753190904, 44.99637258048176, 10.256386821155077, 242.76665951754748, 174.96965142555428, 368.40804463290146], [89.51817439145356, 120.57612679676501, 112.56797335970009, 24.913668877620896, 589.1479999999991, 368.40804463290146, 933.8379250000008]]}, "b": {"Self": [-0.7890984807987039, -1.1523065236979604, -1.002662274863445, -0.24504782099581998, -5.690037603256678, -3.4999590955342055, -8.29169890868664], "Criteria": [-1.0610815256637125, -1.4602256032366263, -1.3392436191853907, -0.30719691345681205, -7.257946270543715, -4.5027608617674195, -10.949933111912623], "Alt": [-1.032881703199698, -1.4336785466680875, -1.3045166704448505, -0.2992518660617668, -7.073456293574416, -4.383676024620194, -10.655875827212487]}}