{"d": 7, "alpha": 0.8, "topics": ["Self", "Criteria", "Alt"], "softmax_temp": 0.5, "A": {"Self": [[1.1586628825483465, 0.2843903519218243, 0.21334935639718242, 0.015222518951381487, 1.310889393732524, 1.3702771009193586, 2.568828470011766], [0.2843903519218243, 1.857284659491553, 0.42065725424872447, 0.053401494042519676, 3.8147140991659514, 4.326917598883617, 8.159058313194874], [0.21334935639718242, 0.42065725424872447, 1.3041977416624175, 0.023069834549396012, 1.9450616141930226, 2.0345289428678037, 3.8090604048423438], [0.015222518951381487, 0.053401494042519676, 0.023069834549396012, 1.0041579595996506, 0.2379506024033393, 0.2805022505789174, 0.5271455857316545], [1.310889393732524, 3.8147140991659514, 1.9450616141930226, 0.2379506024033393, 20.519999999999992, 19.225000656808206, 36.011], [1.3702771009193586, 4.326917598883617, 2.0345289428678037, 0.2805022505789174, 19.225000656808206, 24.87332950917801, 42.95374503375832], [2.568828470011766, 8.159058313194874, 3.8090604048423438, 0.5271455857316545, 36.011, 42.95374503375832, 81.27365000000007]], "Criteria": [[1.1293665672943172, 0.20591087570469538, 0.16507222461695795, 0.011035234756177358, 0.9985335683450429, 1.0333118231081357, 1.86817226866667], [0.20591087570469538, 1.572028008587759, 0.29066849563720853, 0.04031209671733697, 2.7695486902569106, 2.914481232890386, 5.439135649309563], [0.16507222461695795, 0.29066849563720853, 1.222433857561771, 0.01649150208255092, 1.422991382576156, 1.4466006419253215, 2.648810231744725], [0.011035234756177358, 0.04031209671733697, 0.01649150208255092, 1.0039917817150241, 0.20347099087173093, 0.22014765969801797, 0.4056355341627243], [0.9985335683450429, 2.7695486902569106, 1.422991382576156, 0.20347099087173093, 15.679999999999996, 14.638174508020215, 26.938000000000006], [1.0333118231081357, 2.914481232890386, 1.4466006419253215, 0.22014765969801797, 14.638174508020215, 16.954446183247338, 28.78804711587669], [1.86817226866667, 5.439135649309563, 2.648810231744725, 0.4056355341627243, 26.938000000000006, 28.78804711587669, 54.433275000000016]], "Alt": [[1.1169628366186224, 0.20467640657242225, 0.1677094700848319, 0.009443974231541433, 0.987507142080541, 0.9776050467380331, 1.8474311736685833], [0.20467640657242225, 1.6159513149151794, 0.31701693461663, 0.03413126883004594, 2.7423785747027662, 2.975281237693698, 5.770801518747461], [0.1677094700848319, 0.31701693461663, 1.2516969527939108, 0.01509878869387384, 1.517409456212362, 1.507185835885709, 2.8514467726708577], [0.009443974231541433, 0.03413126883004594, 0.01509878869387384, 1.0024363710230455, 0.1567330592394619, 0.17262203015308278, 0.33601580958189503], [0.987507142080541, 2.7423785747027662, 1.517409456212362, 0.1567330592394619, 15.19999999999999, 13.641666597997526, 25.845000000000006], [0.9776050467380331, 2.975281237693698, 1.507185835885709, 0.17262203015308278, 13.641666597997526, 16.365655937379987, 28.828962442007455], [1.8474311736685833, 5.770801518747461, 2.8514467726708577, 0.33601580958189503, 25.845000000000006, 28.828962442007455, 56.79697500000002]]}, "b": {"Self": [-0.04765060005269672, -0.26502467427778625, -0.08972068173333057, -0.016136109953090935, -1.4266404686773526, -1.1005445051696636, -2.4718771956479895], "Criteria": [-0.15519423055881337, -0.4517141497972633, -0.23003184606960797, -0.03240246254832408, -2.634034795682407, -2.516513601833824, -4.661769308382901], "Alt": [-0.1925633285057159, -0.5695637682125992, -0.3257276527762733, -0.032782338094169285, -2.5514149666122385, -2.699471052311921, -5.230737951052944]}}