{"d": 7, "alpha": 0.6, "topics": ["Self", "Criteria", "Alt"], "softmax_temp": 0.7, "A": {"Self": [[9.22697496248206, 10.998443840743363, 10.249769422565837, 2.2988927855692185, 53.20422290084841, 33.25426301987052, 84.6982499290193], [10.998443840743363, 16.348621436867898, 13.740988821687955, 3.219097433016463, 73.87515870779701, 46.081297658714206, 115.23690999830411], [10.249769422565837, 13.740988821687955, 13.925020247935104, 2.870726131729744, 66.50467017950906, 41.52898374195169, 105.85273124086537], [2.2988927855692185, 3.219097433016463, 2.870726131729744, 1.756316931900407, 15.643082801161498, 9.678627583935798, 24.03979803462407], [53.20422290084841, 73.87515870779701, 66.50467017950906, 15.643082801161498, 375.48000000001014, 222.26467934605463, 555.581], [33.25426301987052, 46.081297658714206, 41.52898374195169, 9.678627583935798, 222.26467934605463, 161.98259839252003, 349.39873262753184], [84.6982499290193, 115.23690999830411, 105.85273124086537, 24.03979803462407, 555.581, 349.39873262753184, 891.136900000001]], "Criteria": [[9.523672553725461, 11.219697817907523, 10.613617194407766, 2.338750773771476, 54.39300094300762, 34.6087615233359, 87.25998473777575], [11.219697817907523, 16.39455683102455, 13.982311798530821, 3.2092015418546067, 74.29267953193394, 46.983275018319674, 116.93494127967723], [10.613617194407766, 13.982311798530821, 14.355134611864955, 2.916959696094645, 67.91984468082508, 43.01978924054702, 108.81778535542556], [2.338750773771476, 3.2092015418546067, 2.916959696094645, 1.7498127770112735, 15.641548483359326, 9.896743693471928, 24.26667639914862], [54.39300094300762, 74.29267953193394, 67.91984468082508, 15.641548483359326, 379.8000000000102, 228.4092916836229, 565.625999999999], [34.6087615233359, 46.983275018319674, 43.01978924054702, 9.896743693471928, 228.4092916836229, 165.64141806947868, 361.0043159168263], [87.25998473777575, 116.93494127967723, 108.81778535542556, 24.26667639914862, 565.625999999999, 361.0043159168263, 912.1902000000018]], "Alt": [[9.387671975135348, 11.139560352736371, 10.472276592691555, 2.3157584764923977, 54.09000283823192, 33.7263965771011, 85.86616830048388], [11.139560352736371, 16.470123758477452, 13.918393557312331, 3.2196024828699685, 74.79643799284075, 46.48636158643489, 116.15388717359257], [10.472276592691555, 13.918393557312331, 14.209137315219907, 2.8937179375969184, 67.64119001846197, 42.0391146250382, 107.40833650372143], [2.3157584764923977, 3.2196024828699685, 2.8937179375969184, 1.7494791426936862, 15.71701428897135, 9.732102753740701, 24.007749656535186], [54.09000283823192, 74.79643799284075, 67.64119001846197, 15.71701428897135, 381.1600000000108, 225.6430688602335, 561.891999999999], [33.7263965771011, 46.48636158643489, 42.0391146250382, 9.732102753740701, 225.6430688602335, 163.8275417160566, 351.887813020137], [85.86616830048388, 116.15388717359257, 107.40833650372143, 24.007749656535186, 561.891999999999, 351.887813020137, 898.8951750000011]]}, "b": {"Self": [-0.7369265331115782, -1.0707900267731656, -0.9270079029392982, -0.22939544531104342, -5.205175395034457, -3.209377117840815, -7.839370662369221], "Criteria": [-0.9950863207547248, -1.363973326218082, -1.2415502484832661, -0.28859365744448673, -6.625588642627169, -4.186076639279158, -10.363564432411732], "Alt": [-0.9882471707819029, -1.3723492398338943, -1.2357732957927565, -0.28956924380083593, -6.674155704891768, -4.142562759861838, -10.293311329505404]}}