{"d": 7, "alpha": 0.8, "topics": ["Self", "Criteria", "Alt"], "softmax_temp": 0.5, "A": {"Self": [[1.006804692758608, 0.009404238074236838, 0.010253944645617291, 0.002996794412284459, 0.054993707755657525, 0.04124528081674314, 0.08249056163348628], [0.009404238074236838, 1.0129968680283248, 0.014171181575456963, 0.004141637119032966, 0.0760025380521374, 0.05700190353910304, 0.11400380707820608], [0.010253944645617291, 0.014171181575456963, 1.0154515985548909, 0.004515848857244527, 0.08286963940736704, 0.062152229555525275, 0.12430445911105055], [0.002996794412284459, 0.004141637119032966, 0.004515848857244527, 1.0013197916596805, 0.02421929129782963, 0.01816446847337222, 0.03632893694674444], [0.054993707755657525, 0.0760025380521374, 0.08286963940736704, 0.02421929129782963, 1.4444444444444446, 0.33333333333333337, 0.6666666666666667], [0.04124528081674314, 0.05700190353910304, 0.062152229555525275, 0.01816446847337222, 0.33333333333333337, 1.25, 0.5], [0.08249056163348628, 0.11400380707820608, 0.12430445911105055, 0.03632893694674444, 0.6666666666666667, 0.5, 2.0]], "Criteria": [[1.0, 0.0, 0.0, 0.0, 0.0, 0.0, 0.0], [0.0, 1.0, 0.0, 0.0, 0.0, 0.0, 0.0], [0.0, 0.0, 1.0, 0.0, 0.0, 0.0, 0.0], [0.0, 0.0, 0.0, 1.0, 0.0, 0.0, 0.0], [0.0, 0.0, 0.0, 0.0, 1.0, 0.0, 0.0], [0.0, 0.0, 0.0, 0.0, 0.0, 1.0, 0.0], [0.0, 0.0, 0.0, 0.0, 0.0, 0.0, 1.0]], "Alt": [[1.0093035396476173, 0.00852413727040866, 0.01652323385597191, 0.0027501076037852352, 0.0, 0.048227429040996285, 0.09645485808199257], [0.00852413727040866, 1.007810029188555, 0.015139002882138482, 0.0025197178290161464, 0.0, 0.044187184761407344, 0.08837436952281469], [0.01652323385597191, 0.015139002882138482, 1.029345525187186, 0.004884234687823092, 0.0, 0.08565267828151353, 0.17130535656302706], [0.0027501076037852352, 0.0025197178290161464, 0.004884234687823092, 1.000812926275252, 0.0, 0.014255931004778807, 0.028511862009557614], [0.0, 0.0, 0.0, 0.0, 1.0, 0.0, 0.0], [0.048227429040996285, 0.044187184761407344, 0.08565267828151353, 0.014255931004778807, 0.0, 1.25, 0.5], [0.09645485808199257, 0.08837436952281469, 0.17130535656302706, 0.028511862009557614, 0.0, 0.5, 2.0]]}, "b": {"Self": [0.004028621562860428, 0.005567645392985197, 0.006070702082978611, 0.0017742095076249288, 0.03255824248726372, 0.024418681865447784, 0.04883736373089557], "Criteria": [0.0, 0.0, 0.0, 0.0, 0.0, 0.0, 0.0], "Alt": [-0.0009843984897591955, -0.000901930681580893, -0.0017483073184862926, -0.00029098621324570703, 0.0, -0.005102897403686998, -0.010205794807373996]}}