{"d": 7, "alpha": 0.6, "topics": ["Self", "Criteria", "Alt"], "softmax_temp": 0.7, "A": {"Self": [[13.026023320281476, 17.6744965540241, 14.918485589114663, 3.706455108828434, 89.6684259378277, 87.31324791684247, 112.53537830873636], [17.6744965540241, 28.425116645688238, 21.965004136338067, 5.735874871116245, 138.96424488634008, 136.89260937348703, 164.85797222732154], [14.918485589114663, 21.965004136338067, 19.640291707530487, 4.616758981587255, 111.91364796241402, 108.73902260643995, 139.50227774085084], [3.706455108828434, 5.735874871116245, 4.616758981587255, 2.326998420667839, 29.738858884345365, 28.91137626802295, 34.21976237642662], [89.6684259378277, 138.96424488634008, 111.91364796241402, 29.738858884345365, 751.1600000000145, 711.6645917882018, 826.7810000000002], [87.31324791684247, 136.89260937348703, 108.73902260643995, 28.91137626802295, 711.6645917882018, 811.5666360866019, 811.0384826632978], [112.53537830873636, 164.85797222732154, 139.50227774085084, 34.21976237642662, 826.7810000000002, 811.0384826632978, 1144.7101250000044]], "Criteria": [[13.137301159722353, 17.616513318666875, 15.086254671541349, 3.72259971912148, 90.97357958100963, 87.43611860578433, 115.24805017852835], [17.616513318666875, 28.015088337053495, 21.9246899410264, 5.69471647274271, 139.28329486178757, 135.03663166290372, 166.65003221937], [15.086254671541349, 21.9246899410264, 19.89046552335127, 4.648024717207177, 113.634960285738, 108.99635208321973, 143.10234221904136], [3.72259971912148, 5.69471647274271, 4.648024717207177, 2.3316861957099757, 30.114443081978365, 28.73377765175893, 35.03195514144549], [90.97357958100963, 139.28329486178757, 113.634960285738, 30.114443081978365, 762.2400000000135, 708.7588667921124, 852.2379999999994], [87.43611860578433, 135.03663166290372, 108.99635208321973, 28.73377765175893, 708.7588667921124, 801.5698729246911, 823.3336705292974], [115.24805017852835, 166.65003221937, 143.10234221904136, 35.03195514144549, 852.2379999999994, 823.3336705292974, 1181.6203249999994]], "Alt": [[12.847423174281698, 17.592269475003043, 14.760103845893727, 3.7036013440265974, 89.49558757203167, 85.89519391998931, 111.07364463154603], [17.592269475003043, 28.58547172204293, 21.944638738512, 5.78474331200748, 139.97047761510646, 135.5855859215957, 164.41319183345945], [14.760103845893727, 21.944638738512, 19.53312654957398, 4.632690981761077, 112.06832923114108, 107.45409568330224, 138.19509159532916], [3.7036013440265974, 5.78474331200748, 4.632690981761077, 2.3419508001262104, 30.095117201752526, 28.79069016110063, 34.201544223170124], [89.49558757203167, 139.97047761510646, 112.06832923114108, 30.095117201752526, 756.5600000000138, 703.3450587471714, 826.856999999997], [85.89519391998931, 135.5855859215957, 107.45409568330224, 28.79069016110063, 703.3450587471714, 794.3757860780144, 801.1649374951879], [111.07364463154603, 164.41319183345945, 138.19509159532916, 34.201544223170124, 826.856999999997, 801.1649374951879, 1134.5295250000008]]}, "b": {"Self": [-1.3556695385329354, -2.1971323584687963, -1.692054101629096, -0.46588245406393847, -11.341986177333682, -11.247139184637811, -12.385211922100734], "Criteria": [-1.6259803660094474, -2.4991685634308762, -2.0253141632224168, -0.5315119680411566, -13.012083236558855, -12.685955020671154, -15.260217450832242], "Alt": [-1.6175912767932417, -2.5415177337975217, -2.0192986255975978, -0.5382344823858217, -13.0352079644716, -12.693191706541285, -14.961430967171173]}}