{"d": 7, "alpha": 0.6, "topics": ["Self", "Criteria", "Alt"], "softmax_temp": 0.7, "A": {"Self": [[9.086257715071797, 10.717464275254292, 10.12027231419604, 2.25920401316978, 51.56744184485967, 33.1754018482586, 83.96631911295745], [10.717464275254292, 15.876502947004656, 13.476306849910715, 3.1539516805119883, 71.12461667794634, 45.806096519669126, 113.76173971995334], [10.12027231419604, 13.476306849910715, 13.80890158601512, 2.838790758167972, 65.16803234428072, 41.66689122214118, 105.3735282263229], [2.25920401316978, 3.1539516805119883, 2.838790758167972, 1.7421070858947456, 15.277965277307546, 9.756569329489134, 24.02717266567643], [51.56744184485967, 71.12461667794634, 65.16803234428072, 15.277965277307546, 362.28000000000793, 219.50873074447188, 544.9640000000003], [33.1754018482586, 45.806096519669126, 41.66689122214118, 9.756569329489134, 219.50873074447188, 163.65909244101755, 352.4254812542012], [83.96631911295745, 113.76173971995334, 105.3735282263229, 24.02717266567643, 544.9640000000003, 352.4254812542012, 891.4815500000005]], "Criteria": [[9.483982659354188, 11.086075545323611, 10.647891538479488, 2.318062638936443, 54.011239597094566, 34.86228735935066, 87.3062644990026], [11.086075545323611, 16.14931918037258, 13.973278862655418, 3.1748409900437062, 73.45013048929793, 47.35358537221195, 116.58532228040553], [10.647891538479488, 13.973278862655418, 14.499963166188595, 2.9239071192630735, 68.42504952317927, 43.820914993719704, 109.76521004516454], [2.318062638936443, 3.1748409900437062, 2.9239071192630735, 1.739684742454064, 15.614668985992104, 10.008006318120037, 24.37710817278354], [54.011239597094566, 73.45013048929793, 68.42504952317927, 15.614668985992104, 379.8800000000082, 231.67522237068292, 566.3529999999995], [34.86228735935066, 47.35358537221195, 43.820914993719704, 10.008006318120037, 231.67522237068292, 171.59699362829497, 367.0608764803372], [87.3062644990026, 116.58532228040553, 109.76521004516454, 24.37710817278354, 566.3529999999995, 367.0608764803372, 918.7631750000015]], "Alt": [[9.02437918199032, 10.52026078967279, 10.021775158799384, 2.199263705624082, 51.14892183625842, 32.65837640864155, 82.68599940581562], [10.52026078967279, 15.46716006116593, 13.190651543657799, 3.0397856462701047, 69.97546177464743, 44.64556103455279, 110.9556792256681], [10.021775158799384, 13.190651543657799, 13.640574971791546, 2.756331101875815, 64.46627924533804, 40.878672896161774, 103.4918320247718], [2.199263705624082, 3.0397856462701047, 2.756331101875815, 1.7101850904466374, 14.918557076448316, 9.447343289742209, 23.219721486121315], [51.14892183625842, 69.97546177464743, 64.46627924533804, 14.918557076448316, 359.3600000000079, 216.20517619871785, 537.3179999999991], [32.65837640864155, 44.64556103455279, 40.878672896161774, 9.447343289742209, 216.20517619871785, 159.87043065456075, 344.919736469422], [82.68599940581562, 110.9556792256681, 103.4918320247718, 23.219721486121315, 537.3179999999991, 344.919736469422, 872.4113750000012]]}, "b": {"Self": [-0.7038446462454541, -1.0204931728199547, -0.8935520387809432, -0.22127367084514818, -4.922313030813278, -3.142162148377772, -7.644899563383161], "Criteria": [-0.9836895426315708, -1.3443278354463337, -1.2430448705306258, -0.28528194711134447, -6.56537851995971, -4.226380893159135, -10.344966060628547], "Alt": [-0.9324883335298287, -1.2821589100018382, -1.1717552182363464, -0.2721831894512395, -6.238097813912883, -3.9732501666503435, -9.832472832523733]}}