{"d": 7, "alpha": 0.8, "topics": ["Self", "Criteria", "Alt"], "softmax_temp": 0.5, "A": {"Self": [[2.6381561388809143, 2.4312314734912004, 2.004722577528319, 0.628908060326021, 13.613623664026886, 11.745864806600782, 15.933965474542898], [2.4312314734912004, 4.908635230462857, 2.9603364477561844, 0.9977574384228917, 21.754439567205317, 18.061440796617532, 24.043982850180644], [2.004722577528319, 2.9603364477561844, 3.480378082150136, 0.7695910945062894, 16.61530222535822, 14.377540709018719, 19.389154209099733], [0.628908060326021, 0.9977574384228917, 0.7695910945062894, 1.2675691698056561, 5.640729336926331, 4.684051420083328, 6.191189184968473], [13.613623664026886, 21.754439567205317, 16.61530222535822, 5.640729336926331, 125.95999999999988, 102.74948153004887, 131.9010000000003], [11.745864806600782, 18.061440796617532, 14.377540709018719, 4.684051420083328, 102.74948153004887, 100.3610661290048, 115.56791872853901], [15.933965474542898, 24.043982850180644, 19.389154209099733, 6.191189184968473, 131.9010000000003, 115.56791872853901, 165.79514999999995]], "Criteria": [[2.7091480570250748, 2.5303850776983343, 2.0728946251551497, 0.6637126988340347, 14.475341539253636, 12.036393771593932, 16.45469555368717], [2.5303850776983343, 5.039199149792064, 3.056466209688767, 1.0503334884352606, 22.96885219341985, 18.548707541139816, 24.613413894013426], [2.0728946251551497, 3.056466209688767, 3.5330278226783745, 0.8033883046186947, 17.515223865618793, 14.621219456594275, 19.86714681584641], [0.6637126988340347, 1.0503334884352606, 0.8033883046186947, 1.2869255311773258, 6.087700848484976, 4.923728087588057, 6.42075126254532], [14.475341539253636, 22.96885219341985, 17.515223865618793, 6.087700848484976, 136.40000000000023, 108.98246647476087, 136.38800000000018], [12.036393771593932, 18.548707541139816, 14.621219456594275, 4.923728087588057, 108.98246647476087, 103.96481497590335, 115.2662482483991], [16.45469555368717, 24.613413894013426, 19.86714681584641, 6.42075126254532, 136.38800000000018, 115.2662482483991, 172.4588499999999]], "Alt": [[2.7193414688205246, 2.5728515777590304, 2.111226361415562, 0.6680852581454333, 14.51527744643856, 12.334611101209038, 16.665783507462464], [2.5728515777590304, 5.176113466214846, 3.1418972707656563, 1.0662564163407595, 23.37262139390195, 19.253387269410503, 25.26377236216792], [2.111226361415562, 3.1418972707656563, 3.6231884829367322, 0.8208441073680153, 17.75957657886446, 15.079635720418883, 20.35018425711043], [0.6680852581454333, 1.0662564163407595, 0.8208441073680153, 1.2859538834653947, 6.076323266463614, 4.942919273711176, 6.492466070221297], [14.51527744643856, 23.37262139390195, 17.75957657886446, 6.076323266463614, 136.16000000000017, 109.61798081809489, 138.7490000000001], [12.334611101209038, 19.253387269410503, 15.079635720418883, 4.942919273711176, 109.61798081809489, 104.65819552010461, 121.46068704832014], [16.665783507462464, 25.26377236216792, 20.35018425711043, 6.492466070221297, 138.7490000000001, 121.46068704832014, 173.69972499999992]]}, "b": {"Self": [-0.18136035532464648, -0.30165605777925275, -0.22310075366234552, -0.07759386318235093, -1.720136129907001, -1.413596618783616, -1.7767868473212078], "Criteria": [-0.23052088242387178, -0.36531391588032847, -0.2791684949056838, -0.09589890202036708, -2.107539228718746, -1.7078182207833184, -2.2121702326312427], "Alt": [-0.23398315396709118, -0.3761637523094048, -0.28676496030323134, -0.09694285819298579, -2.1321333593044227, -1.7515568872676968, -2.2694023649170454]}}